Produto,peso,Preço,Categoria,Estoque,Descrição,SKU,Imagem
Acid Absolut Repair - Acidificante - EcoBelle 500 mL,500 mL,"64,9",Máscaras,Em estoque,"Este tratamento equilibra o pH capilar após a limpeza, selando as cutículas e restaurando a estrutura dos fios. Sua fórmula reúne um blend de Queratina, Aminoácidos e Colágeno, que atuam na reconstrução da fibra capilar, devolvendo força e elasticidade.O Pantenol promove hidratação duradoura, enquanto o Óleo de Coco, a Proteína da Seda e a Proteína de Quinoa nutrem e revitalizam, proporcionando maciez, resistência e brilho intenso.pH 2,5 - 3,0",VEHZKS3RJ,https://images.yampi.me/assets/stores/grupo-ecobelle/uploads/images/acid-absolut-repair-acidificante-ecobelle-500-ml-6a6a6190e11d0-large.png
Ampola Semi Di Lino 15mL (4 UNIDADES),15mL,"49,2",S.O.S Cauterização,Em estoque,"Com uma fórmula concentrada, a ampola Semi Di Lino EcoBelle traz um resultado imediato aos fios deixando-os leves e soltos. Seu objetivo é a recuperação imediata dos fios visando a hidratação, reconstrução, restauração e proteção dos cabelos.",25VPFV8HP,https://images.yampi.me/assets/stores/grupo-ecobelle/uploads/images/ampola-semi-di-lino-15ml-4-unidades-646d0ce1f27ef-large.png
Ampolaço NutriSim BelaPro 45 mL,45 mL,"13,14",Bela Pro,Em estoque,"A linha Nutrisim Bela Pro foi desenvolvida com os mais poderosos ativos naturais para nutrir e revitalizar os fios secos, fracos ou quebradiços. A Manteiga de Karité presente na formulação contém Vitamina E com ação antioxidante, que remove células mortas e funciona como um excelente emoliente para os fios. Sua propriedade umectante auxilia na absorção e retenção da umidade dos cabelos. Outro poderoso ativo natural presente na composição é o Óleo de Coco rico em ácidos graxos e proteínas que ajudam no fortalecimento dos fios e protege contra a perda de proteína da fibra capilar, além de ter um alto poder de combate à pontas secas. Essa combinação de elementos é o que resulta em fios nutridos, macios e com brilho intenso, digno de salão de beleza!",Q8ELXT62T,https://images.yampi.me/assets/stores/grupo-ecobelle/uploads/images/ampolaco-nutrisim-belapro-450-ml-6a6a59c4e9d41-large.png
Body Splash Flor da Noite & Baunilha 200 ml BelaPro,200 ml,"32,9",Bela Pro,Em estoque,O Body Splash Flor de Cerejeira &amp; Pêssego da BelaPro é feito para quem quer perfumar a pele suavemente. Sua fragrância é agradável e suave dando uma sensação de bem estar.,UTW2VYA2G,https://images.yampi.me/assets/stores/grupo-ecobelle/uploads/images/body-splash-flor-da-noite-baunilha-200-ml-belapro-6a4c08966e22d-large.png
Body Splash Flor de Cerejeira & Pêssego 200 ml BelaPro,200 ml,"32,9",Bela Pro,Em estoque,O Body Splash Flor de Cerejeira &amp; Pêssego da BelaPro é feito para quem quer perfumar a pele suavemente. Sua fragrância é agradável e suave dando uma sensação de bem estar.,UCH7WQRVG,https://images.yampi.me/assets/stores/grupo-ecobelle/uploads/images/body-spash-flor-de-cerejeira-pessego-200-ml-belapro-6a4c06623437c-large.png
Bye Quebra Eco Belle 250 mL,250 mL,149,Blond Hair,Em estoque,"Modo de uso: AGITE o frasco durante todo o processo de aplicação. Pré mechas: aplique o Bye Quebra por todo o cabelo que sofrerá processo de descoloração. Em seguida seque os fios com o auxílio de um secador e inicie o processo de descoloração. Pós mechas: Se após o processo químico o cabelo apresentar emborrachamento ou extrema agressão aos fios, aplicar o Bye Quebra por todo o cabelo e deixar agir de 5 a 10 minutos. Aquecer todo o fio com o auxílio de um secador e enxague com água fria. Aplicar Shampoo apenas no couro cabeludo e descer apenas a espuma para o comprimento e pontas, sem fazer atrito nos fios. Finalize como desejar. Para um resultado ainda melhor refazer todo procedimento após 3 dias.",HJT8U9H6U,https://images.yampi.me/assets/stores/grupo-ecobelle/uploads/images/bye-quebra-eco-belle-250ml-646d15a2abba5-large.png
Coloração Permanente Shine Express 60g - Camuflagem,60g,120,Shine Express,Em estoque,"A Shine Express Coloração em Creme Permante proporciona cobertura uniforme e efeito de camuflagem dos fios brancos, realçando a beleza dos cabelos com brilho intenso e aparência revitalizada.Sua fórmula foi desenvolvida para promover cor vibrante, aspecto homogêneo e acabamento luminoso, deixando os fios com visual elegante, sedoso e natural.Ideal para quem busca praticidade, resultado sofisticado e cabelos com aparência renovada desde a primeira aplicação.Sem PPD Sem chumbo baixa concentração de amônia Menos agressivo aos fios*Uso Profissional",RTPDWV5JL,https://images.yampi.me/assets/stores/grupo-ecobelle/uploads/images/coloracao-permanente-shine-express-60g-camuflagem-6a0e1eea4400f-large.png
Condicionador Coco & Camomila by Vitória Lima EcoBelle 300 mL,300 mL,35,Condicionador,Em estoque,"A linha Coco &amp; Camomila by Vitória Lima EcoBelle foi desenvolvida com esses dois maravilhosos ativos que proproporcionam juntos luminosidade e maciez aos cabelos. A camomila traz muitos benefícios aos fios além do brilho e luminosidade natural, acalma e refresca o couro cabeludo ao passo que faz uma limpeza delicada. Além disso as propriedades da camomila ajudam no processo de nutrição e hidratação, revitalizando os fios. Já o poderoso óleo de coco, presente nessa formulação, deixa os fios extremamente macios, penetra na fibra capilar, devolvendo os nutrientes que os cabelos precisam para fugir do aspecto ressecado.",22TJS8HBH,https://images.yampi.me/assets/stores/grupo-ecobelle/uploads/images/condicionador-coco-camomila-by-vitoria-lima-ecobelle-300-ml-667ac92af0520-large.png
Condicionador Curlys Cachos Bela Pro 300 mL,300 mL,22,Bela Pro,Em estoque,O Condicionador Curlys Cachos da Bela Pro condiciona os fios perfeitamente deixando os cachos estruturados e com brilho intenso. Possui silicones que permitem a lubrificação dos cabelos deixando-os macios e saudáveis. Resultado: Cachos perfeitos!,Y6H5QMT4P,https://images.yampi.me/assets/stores/grupo-ecobelle/uploads/images/condicionador-curlys-cachos-bela-pro-300-ml-653727380b1a3-large.png
Condicionador doÈden Capim-Limão e Alecrim 300 mL,300 mL,35,Condicionador,Em estoque,"O Condicionador doÈden Capim Limão e Alecrim Eco Belle foi desenvolvido tendo como ativo principal o óleo essencial de Capim Limão e Alecrim, juntos ajudam a controlar a oleosidade excessiva do couro cabeludo e fortalece os fios fracos e quebradiços sem ressecá-los. Enriquecido com silicones especiais trata as pontas secas dos cabelos, deixando os fios equilibrados da raiz às pontas.",HP9LFWALK,https://images.yampi.me/assets/stores/grupo-ecobelle/uploads/images/condicionador-doeden-capim-limao-alecrim-300-ml-64ef94abee37f-large.png
Condicionador EcoBarber 800 mL,800 mL,35,Ecobarber,Em estoque,Com o Condicionador Restaurador EcoBarber For Men os cabelos recebem nutrição profunda. O Extrato de Jaborandi age como estimulante celular e melhora o brilho. Auxilia na queda capilar. O Extrato de Mandioca possui propriedades hidratantes e emolientes. Cuidados especiais para homens modernos!,HRYL6GJ66,https://images.yampi.me/assets/stores/grupo-ecobelle/uploads/images/condicionador-ecobarber-1l-646d091943673-large.png
Condicionador Extrato de Algas Marinhas Eco Belle 1 L,1 L,"34,99",Algas Marinhas,Em estoque,"O Condicionador Hidratante Algas Marinhas Eco Belle foi formulado para promover a reposição de nutrientes importantes para a fibra capilar. Penetra profundamente nos fios, dando brilho e maciez, deixando os cabelos saudáveis, nutridos e fáceis de pentear. Possui ação imediata.",LJNMFY4VX,https://images.yampi.me/assets/stores/grupo-ecobelle/uploads/images/condicionador-extrato-de-algas-marinhas-eco-belle-1-l-65faedce4c2fc-large.png
Condicionador HidraSim Bela Pro 500 mL,500 mL,28,Bela Pro,Em estoque,"A linha HidraSim da Bela Pro, foi desenvolvida para doar mais hidratação aos cabelos sensibilizados e devolver vida aos fios. Fórmula enriquecida com Pantenol, ativo fundamental para hidratação profunda dos fios por possuir o poder de atrair e reter a umidade dos cabelos, além de combater radicais livres. Silicones especiais também contemplam a formulação dando mais efeito aos cabelos danificados, resultando num cabelo macio, hidratado e com muito brilho!",XFGMQY4RW,https://images.yampi.me/assets/stores/grupo-ecobelle/uploads/images/condicionador-hidrasim-bela-pro-500-ml-65373a203c4aa-large.png
Condicionador La boue Home Care Blanc 300ml,300ml,40,Condicionador,Em estoque,"O Condicionador Fortalecedor Home Care La Boue Blanc veio para complementar os cuidados com os cabelos promovendo efeito de salão! Com ativos de última geração, o Condicionador Fortalecedor nutre profundamente os cabelos e protege contra danos diários que afetam diretamente a fibra capilar. O Extrato de Mandioca fortalece e hidrata enquanto o Óleo de Girassol age controlando o frizz, nutrindo, prevenindo contra quebra e a queda dos cabelos",8YHKWEN8R,https://images.yampi.me/assets/stores/grupo-ecobelle/uploads/images/condicionador-la-boue-home-care-blanc-300ml-6479f3683916e-large.png
Condicionador La Boue Home Care Verte 300ml,300ml,40,Condicionador,Em estoque,"O Condicionador Reestruturante Home Care La Boue Vert da Eco Belle age profundamente nos fios. Elaborado para continuar os cuidados dos cabelos em casa, o Condicionador Reestruturante possui em sua formulação o Extrato de Coco que devolve o brilho aos fios e a Proteína da Seda que hidrata e melhora a força elástica capilar, formando um filme nos cabelos, protegendo-os contra agentes externos agressivos.",VLL9VL3WH,https://images.yampi.me/assets/stores/grupo-ecobelle/uploads/images/condicionador-la-boue-home-care-verte-300ml-6479fc9f8aff9-large.png
"Condicionador Leite de Coco 2,5 L","2,5 L",110,Condicionador,Em estoque,"Grupo EcoBelle: A beleza natural, social e ambiental. Transbordando amor e empreendedorismo.",2XFPQEJHA,https://images.yampi.me/assets/stores/grupo-ecobelle/uploads/images/condicionador-leite-de-coco-25-l-6927b1be7296e-large.png
Condicionador Liso Mágico Bela Pro 300 mL,300 mL,22,Bela Pro,Em estoque,"A linha LISO MÁGICO BELA PRO, foi elaborada para cuidar dos cabelos lisos naturais ou quimicamente tratados. É uma linha completa, que busca tratar o cabelo de dentro para fora, deixando- o com vida, reduzindo volume e frizz ou melhor, promove uma restauração da fibra após procedimentos químicos, que muita das vezes acabam prejudicando os fios. Conta com ativos de alta performance, que melhoram a saúde dos fios, dando maciez, brilho e um efeito liso prolongado.",57DY6ECTU,https://images.yampi.me/assets/stores/grupo-ecobelle/uploads/images/condicionador-liso-magico-bela-pro-300-ml-65372e9d34eb5-large.png
Condicionador Matizador Eco Belle 1 L - NOVA EMBALAGEM,1 L,120,Blond Hair,Em estoque,"O Condicionador Matizador Eco Belle 1L é indicado para neutralizar a tonalidade amarelada ou dourada que vai se formando nos fios com o passar do tempo. Possui em sua composição o poderoso Violet 43, que tem a exclusiva propriedade de ocultar as matizes amarelas frequentemente percebidas em cabelo cinza ou descorado.Resultado: Cabelos macios, sedosos, luminosos e maleáveis.Modo de Usar: Após enxaguar o Shampoo Matizador Eco Belle, retire o excesso de água com uma toalha e aplique o Condicionador Matizador começando pelas pontas evitando aproximar-se da raiz. Massageie suavemente até que todos os fios fiquem macios. Deixe agir por alguns minutos e enxágue abundantemente. Finalize como desejar.",P2M2DEK4D,https://images.yampi.me/assets/stores/grupo-ecobelle/uploads/images/condicionador-matizador-eco-belle-1-l-nova-embalagem-6927af3258c88-large.png
Condicionador Matizador Silver Eco Belle 300ml,300ml,40,Condicionador,Em estoque,"O Condicionador Matizador Eco Belle foi formulado especialmente para os cabelos loiros. Neutraliza a tonalidade dourada que vai se formando com o passar do tempo nos cabelos loiros e realça um tom mais platinado. Deixa os cabelos macios, sedosos, luminosos e maleáveis.",QG732NABK,https://images.yampi.me/assets/stores/grupo-ecobelle/uploads/images/condicionador-matizador-silver-eco-belle-300ml-674125986d4d4-large.png
Condicionador NutriSim Bela Pro 500 mL,500 mL,28,Bela Pro,Em estoque,"A linha Nutrisim Bela Pro foi desenvolvida com os mais poderosos ativos naturais para nutrir e revitalizar os fios secos, fracos ou quebradiços. A Manteiga de Karité presente na formulação contém Vitamina E com ação antioxidante, que remove células mortas e funciona como um excelente emoliente para os fios. Sua propriedade umectante auxilia na absorção e retenção da umidade dos cabelos. Outro poderoso ativo natural presente na composição é o Óleo de Coco rico em ácidos graxos e proteínas que ajudam no fortalecimento dos fios e protege contra a perda de proteína da fibra capilar, além de ter um alto poder de combate à pontas secas. Essa combinação de elementos é o que resulta em fios nutridos, macios e com brilho intenso, digno de salão de beleza!",WXM657UMY,https://images.yampi.me/assets/stores/grupo-ecobelle/uploads/images/condicionador-nutrisim-bela-pro-500-ml-65373679b86bf-large.png
Condicionador Pimenta Rosa Eco Belle 300 mL,300 mL,35,Condicionador,Em estoque,"O Condicionador Pimenta Rosa Eco Belle faz parte de uma linha completa tendo como ativo o óleo de Pimenta Rosa proporcionando vários benefícios para os cabelos. Rica em vitaminas A, B1, B6, C e ácido fólico, dão aos cabelos brilho e força à medida que a capsaicina, outro composto do maravilhoso óleo de pimenta rosa, auxilia no crescimento dos fios por estimular a circulação do sangue e irrigar o bulbo capilar. Com esse misto de benefícios o resultado é de cabelos sedosos, cheios e com muito brilho!",V58UBR2JL,https://images.yampi.me/assets/stores/grupo-ecobelle/uploads/images/condicionador-pimenta-rosa-eco-belle-300-ml-64ef8e1f89285-large.png
Condicionador Silver Platinum Bela Pro 300 mL,300 mL,23,Bela Pro,Em estoque,"A linha Silver Platinum Bela Pro foi especialmente desenvolvida para cabelos loiros, descoloridos, com mechas ou grisalhos. Sua fórmula possui o poderoso Jaracol Violet 43 que tem a exclusiva propriedade de ocultar as matizes amarelas nos cabelos desbotados. O extrato de Macadâmia auxilia no condicionamento e hidratação deixando os cabelos mais emolientes. Resultado: Cabelos mais iluminados e macios!",DQ8XYALBH,https://images.yampi.me/assets/stores/grupo-ecobelle/uploads/images/condicionador-silver-platinum-bela-pro-300-ml-65373307cd300-large.png
Creme de Pentear/ Leave-in NutriSim Bela Pro 500 mL,500 mL,28,Bela Pro,Em estoque,"A linha Nutrisim Bela Pro foi desenvolvida com os mais poderosos ativos naturais para nutrir e revitalizar os fios secos, fracos ou quebradiços. A Manteiga de Karité presente na formulação contém Vitamina E com ação antioxidante, que remove células mortas e funciona como um excelente emoliente para os fios. Sua propriedade umectante auxilia na absorção e retenção da umidade dos cabelos. Outro poderoso ativo natural presente na composição é o Óleo de Coco rico em ácidos graxos e proteínas que ajudam no fortalecimento dos fios e protege contra a perda de proteína da fibra capilar, além de ter um alto poder de combate à pontas secas. Essa combinação de elementos é o que resulta em fios nutridos, macios e com brilho intenso, digno de salão de beleza!",RAEKECC87,https://images.yampi.me/assets/stores/grupo-ecobelle/uploads/images/creme-de-pentear-leave-in-nutrisim-bela-pro-500-ml-6537379b5b1e3-large.png
Creme esfoliante Luminilifit com Niacinamida e Alpha Arbutin EcoBelle Skin 250g,250g,"49,9",EcoBelle Skin,Em estoque,"O novo Luminilift Creme Esfoliante Uniformizador promove renovação celular, revitaliza a pele e ajuda a uniformizar o tom com uma experiência de skincare premium. Sua rotina de autocuidado acaba de subir de nível.Com Niacinamida e Alpha Arbutin.",J9YY6SF7W,https://images.yampi.me/assets/stores/grupo-ecobelle/uploads/images/creme-esfoliante-luminilifit-com-niacinamida-e-alpha-arbutin-ecobelle-skin-250g-6a0e12317b9e8-large.png
CRONOGRAMA DA LAMA COMPLETO,,1260,Kits La Boue ,Em estoque,LAMA VERDECOMBATA OS RADICAIS LIVRES E REJUVENESÇA OS FIOS LAMA VULCÂNICARECUPERA ATÉ 80% DA MASSA CAPILAR NA PRIMEIRA APLICAÇÃO! LAMA BRANCAPODER CICATRIZANTE QUE BLINDA E PROTEGE OS FIOS.,B8SXJ3U53,https://images.yampi.me/assets/stores/grupo-ecobelle/uploads/images/cronograma-da-lama-completo-6479eeb60c5e5-large.png
Dupla Body Splash BelaPro 200 ml,200 ml,"62,4",Bela Pro,Em estoque,Fragrâncias suaves para usar em todos os momentos!,6337X66EK,https://images.yampi.me/assets/stores/grupo-ecobelle/uploads/images/dupla-body-splash-belapro-200-ml-6a4c0c948a07a-large.png
Emulsão Cremosa Oxidante OX05 Volumes EcoBelle 900 mL,900 mL,32,Blond Hair,Em estoque,"Emulsão cremosa oxidante suavemente perfumada, contendo peróxido de hidrogênio indicado para ativar a coloração oxidante e o pó descolorante. Sua cremosidade e consistência facilitam a mistura com a massa da coloração e a dispersão do pó descolorante, devendo ser utilizado na proporção indicada no modo de usar tanto da coloração oxidante como do pó descolorante. Confere proteção e tratamento cosmético simultâneo de hidratação e emoliência enquanto potencializa a ação da coloração e do descolorante. Melhora a flexibilidade e maleabilidade tornando os cabelos macios.",JYQAJ9FDQ,https://images.yampi.me/assets/stores/grupo-ecobelle/uploads/images/emulsao-cremosa-ox-05-volumes-eco-belle-900-ml-64f209e678dec-large.png
Emulsão Cremosa Oxidante OX10 Volumes EcoBelle 900 mL,900 mL,32,Blond Hair,Em estoque,"Emulsão Cremosa Oxidante, suavemente perfumada, contendo peróxido de hidrogênio indicado para ativar a coloração oxidante e o pó descolorante. Sua cremosidade e consistência facilitam a mistura com a massa da coloração e a dispersão do pó descolorante. Confere proteção e tratamento cosmético simultâneo de hidratação e emoliência, enquanto potencializa a ação da coloração e do descolorante. Melhora a flexibilidade e maleabilidade tornando os cabelos macios. Modo de uso: Em um recipiente não metálico siga a dosagem recomendada na coloração ou no pó descolorante.",3KYSCLPBF,https://images.yampi.me/assets/stores/grupo-ecobelle/uploads/images/emulsao-cremosa-oxidante-ox10-volumes-ecobelle-900-ml-67411a0d22bbe-large.png
Emulsão Cremosa Oxidante OX20 Volumes EcoBelle 900 mL,900 mL,32,Blond Hair,Em estoque,"Emulsão Cremosa Oxidante, suavemente perfumada, contendo peróxido de hidrogênio indicado para ativar a coloração oxidante e o pó descolorante. Sua cremosidade e consistência facilitam a mistura com a massa da coloração e a dispersão do pó descolorante. Confere proteção e tratamento cosmético simultâneo de hidratação e emoliência, enquanto potencializa a ação da coloração e do descolorante. Melhora a flexibilidade e maleabilidade tornando os cabelos macios. Modo de uso: Em um recipiente não metálico siga a dosagem recomendada na coloração ou no pó descolorante.",GVBJKMNWQ,https://images.yampi.me/assets/stores/grupo-ecobelle/uploads/images/emulsao-cremosa-oxidante-ox20-volumes-ecobelle-900-ml-6927b05aad6c2-large.png
Emulsão Cremosa Oxidante OX30 Volumes EcoBelle 900 mL,900 mL,32,Blond Hair,Em estoque,"Emulsão Cremosa Oxidante, suavemente perfumada, contendo peróxido de hidrogênio indicado para ativar a coloração oxidante e o pó descolorante. Sua cremosidade e consistência facilitam a mistura com a massa da coloração e a dispersão do pó descolorante. Confere proteção e tratamento cosmético simultâneo de hidratação e emoliência, enquanto potencializa a ação da coloração e do descolorante. Melhora a flexibilidade e maleabilidade tornando os cabelos macios. Modo de uso: Em um recipiente não metálico siga a dosagem recomendada na coloração ou no pó descolorante.",KX3FZGXKV,https://images.yampi.me/assets/stores/grupo-ecobelle/uploads/images/emulsao-cremosa-ox-30-volumes-eco-belle-900-ml-64f205ce1ecc8-large.png
Emulsão Cremosa Oxidante OX40 Volumes EcoBelle 900 mL,900 mL,32,Blond Hair,Em estoque,"Emulsão Cremosa Oxidante, suavemente perfumada, contendo peróxido de hidrogênio indicado para ativar a coloração oxidante e o pó descolorante. Sua cremosidade e consistência facilitam a mistura com a massa da coloração e a dispersão do pó descolorante. Confere proteção e tratamento cosmético simultâneo de hidratação e emoliência, enquanto potencializa a ação da coloração e do descolorante. Melhora a flexibilidade e maleabilidade tornando os cabelos macios. Modo de uso: Em um recipiente não metálico siga a dosagem recomendada na coloração ou no pó descolorante.",Q4GBW4NRR,https://images.yampi.me/assets/stores/grupo-ecobelle/uploads/images/emulsao-cremosa-ox-40-volumes-eco-belle-900-ml-64f2086601e8c-large.png
Finalizador La Boue Home Care Verte 300ml,300ml,40,Finalizadores,Em estoque,"O Finalizador Home Care La boue Verte da Eco Belle auxilia na regeneração dos fios danificados. Melhora a penteabilidade, repõe minerais e vitaminas e protege os cabelos. Com a Queratina que promove um tratamento mais profundo, os cabelos se recuperam de forma rápida.",CW2L93VRJ,https://images.yampi.me/assets/stores/grupo-ecobelle/uploads/images/finalizador-la-boue-home-care-verte-300ml-6479feb6deb3b-large.png
Finalizador Térmico Coco & Camomila By Vitória Lima 200 mL,200 mL,80,Finalizadores,Em estoque,"O Finalizador Térmico da linha Coco &amp; Camomila foi desenvolvido para finalizar os fios de uma forma eficaz e segura, resultando em fios fortes, brilhosos, saudáveis e protegidos!Conta com ativos de altíssima qualidade, que deixam o tratamento ainda mais completo. A CAMOMILA, um excelente hidratante para os fios, revitalizando e dando vida aos fios. E o ÓLEO DE COCO, um emoliente de grande importância na nutrição dos fios. Esses ativos em conjunto, melhoram os cabelos da raiz até as pontas.",RJZSGEAVY,https://images.yampi.me/assets/stores/grupo-ecobelle/uploads/images/finalizador-termico-coco-camomila-by-vitoria-lima-200-ml-667c4d7031e63-large.png
Gloss Finalizador La Boue Home Care Blanc 300ml,300ml,40,Finalizadores,Em estoque,"Com o Gloss Finalizador La Boue Blanc você deixa seus cabelos nutridos e macios. Sua fórmula contém silicones especiais que repõe as vitaminas e minerais perdidos em processos químicos. Elaborado para finalizar os cuidados em casa e deixar os cabelos com resultado do salão. Contém Óleo de Amêndoas que oferece hidratação aos fios, evitando que a água dos cabelos evapore com facilidade evitando ressecamento.",K6ND8CCHN,https://images.yampi.me/assets/stores/grupo-ecobelle/uploads/images/gloss-finalizador-la-boue-home-care-blanc-300ml-6479f43ac76d2-large.png
Gran Finale Blond Protetor Térmico Eco Belle - 200 mL,200 mL,80,Finalizadores,Em estoque,"O Spray Gran Finale Blond Eco Belle é um matizador instantâneo para cabelos loiros, brancos, descoloridos ou com luzes. Restaura a integridade dos fios ao mesmo tempo em que neutraliza os tons amarelados ou alaranjados indesejados para promover um efeito platinado bonito sem a necessidade de enxágüe. Contém proteção térmica e proteção contra os raios UV.",AYE76QWA3,https://images.yampi.me/assets/stores/grupo-ecobelle/uploads/images/gran-finale-blond-protetor-termico-eco-belle-200-ml-64ef7eb8006b0-large.png
Gran Finale Protetor Térmico Eco Belle - 200 mL,200 mL,80,Finalizadores,Em estoque,O Spray Gran Finale Eco Belle chegou para dar a finalização perfeita para os cabelos! Confere brilho e maciez instantânea para os fios. Contém silicones nobres e uma mistura de aminoácidos que produz proteção para os fios e reparação de danos na superfície. Contém proteção contra os raios UV.,HR6LKXYGJ,https://images.yampi.me/assets/stores/grupo-ecobelle/uploads/images/gran-finale-protetor-termico-eco-belle-200-ml-64ef42b2de208-large.png
Ironed Hair Silver 500g,500g,"114,99",Máscaras,Em estoque,"A Máscara Ironed Hair Matizadora age nos cabelos de forma instantânea, reduzindo o frizz e o volume. Nutre profundamente e age retirando o aspecto amarelado que vai se formando nos cabelos loiros com o tempo. Contém Vitamina D que age na manutenção das células do couro cabeludo, o que garante madeixas muito mais viçosas e macias. Além disso, por influenciar na regulação dos níveis de cálcio e fósforo no corpo, promove a saúde capilar. Resultado: Cabelos com brilho e saudáveis!Modo de Uso: Aplique a Máscara Ironed Hair Matizadora nos cabelos úmidos. Penteie com um pente ate que todos os fios estejam com o produto. Deixe agir por alguns segundos e enxágue. Finalize como desejar.",U292SXL8P,https://images.yampi.me/assets/stores/grupo-ecobelle/uploads/images/ironed-hair-silver-500g-67411caf256a1-large.png
Kit Coco & Camomila by Vitória Lima EcoBelle - 300 mL,300 mL,269,Kits Ecobelle,Em estoque,"A linha Coco &amp; Camomila by Vitória Lima EcoBelle foi desenvolvida com esses dois maravilhosos ativos que proproporcionam juntos luminosidade e maciez aos cabelos. A camomila traz muitos benefícios aos fios além do brilho e luminosidade natural, acalma e refresca o couro cabeludo ao passo que faz uma limpeza delicada. Além disso as propriedades da camomila ajudam no processo de nutrição e hidratação, revitalizando os fios. Já o poderoso óleo de coco, presente nessa formulação, deixa os fios extremamente macios, penetra na fibra capilar, devolvendo os nutrientes que os cabelos precisam para fugir do aspecto ressecado.",3SSKRFEP5,https://images.yampi.me/assets/stores/grupo-ecobelle/uploads/images/kit-coco-camomila-by-vitoria-lima-ecobelle-300-ml-66cf3cd879731-large.png
Kit Curlys Cachos Bela Pro,,80,Kits Bela Pro,Em estoque,"A Máscara Curlys Cachos da Bela Pro compõe o kit desenvolvido especialmente para quem quer cuidar dos cachos com resultado de salão! Possui em sua formulação o poderoso óleo de Rícino que proporciona nutrição instantânea, também rico em vitamina E ajuda no fortalecimento e crescimento das madeixas. Outro ativo que compõe a formulação é famoso óleo de coco que além de promover hidratação e nutrição aos fios, diminui a opacidade dando brilho e melhor definição aos cachos.",7TNHTQDUL,https://images.yampi.me/assets/stores/grupo-ecobelle/uploads/images/kit-curlys-cachos-bela-pro-66c69c30593a1-large.png
Kit doÈden Capim-Limão e Alecrim,,120,Kits Ecobelle,Em estoque,"A Linha doÈden EcoBelle foi desenvolvida tendo como ativo principal o óleo essencial de Capim Limão e Alecrim, juntos ajudam a controlar a oleosidade excessiva do couro cabeludo e fortalece os fios fracos e quebradiços sem ressecá-los. Enriquecido com silicones especiais trata as pontas secas dos cabelos, deixando os fios equilibrados da raiz às pontas.",2QSQFLXZ6,https://images.yampi.me/assets/stores/grupo-ecobelle/uploads/images/kit-doeden-capim-limao-alecrim-6479e42ea3cfc-large.png
Kit Experiência Shine Express - 1 coloração + 1 Ox 05 vol. 90ml,90ml,"136,9",Shine Express,Em estoque,"Kit Shine Express Experimente a Nova Geração da Coloração Shine para CamuflagemO Kit Shine Express foi desenvolvido para quem deseja conhecer a experiência da coloração Shine Express de forma prática e acessível.Composto pela Coloração Creme Permanente + OX 5 Volumes 90 mL, o kit proporciona aplicação técnica, brilho intenso e efeito uniforme, auxiliando na camuflagem dos fios brancos com aparência natural e sofisticada.Ideal para testar a performance da linha, conhecer a tecnologia da fórmula e sentir o acabamento luminoso e elegante que a Shine Express oferece aos fios. Cobertura homogênea Efeito de camuflagem dos fios brancos Brilho intenso Fórmula livre de PPD e chumbo *Uso profissional",XU2KNTS48,https://images.yampi.me/assets/stores/grupo-ecobelle/uploads/images/kit-experiencia-shine-express-1-coloracao-1-ox-05-vol-90ml-6a0e2814d77a6-large.jpeg
Kit HidraSim Bela Pro,,"137,9",Kits Bela Pro,Em estoque,"A linha HidraSim da Bela Pro, foi desenvolvida para doar mais hidratação aos cabelos sensibilizados e devolver vida aos fios. Fórmula enriquecida com Pantenol, ativo fundamental para hidratação profunda dos fios por possuir o poder de atrair e reter a umidade dos cabelos, além de combater radicais livres. Silicones especiais também contemplam a formulação dando mais efeito aos cabelos danificados, resultando num cabelo macio, hidratado e com muito brilho!",LPGSTQBW8,https://images.yampi.me/assets/stores/grupo-ecobelle/uploads/images/kit-hidrasim-bela-pro-66c69d55659b2-large.png
Kit Indústria pra Favela 280 mL,280 mL,"17,6",Projeto Indústria pra Favela,Em estoque,"O Shampoo e Condicionador Indústria pra Favela foi desenvolvido com um blend de extratos vegetais para beneficiar cabelos de todos os tipos. Fórmula coringa rica em óleo de coco, óleo de rícino e silicones especiais. Resultado: Cabelos nutridos, sedosos e com muito brilho!",DQK7LP4BP,https://images.yampi.me/assets/stores/grupo-ecobelle/uploads/images/kit-industria-pra-favela-280-ml-66c6a03f4913f-large.png
Kit Indústria pra Favela 450 mL,450 mL,"23,99",Projeto Indústria pra Favela,Em estoque,"O Shampoo e Condicionador Indústria pra Favela foi desenvolvido com um blend de extratos vegetais para beneficiar cabelos de todos os tipos. Fórmula coringa rica em óleo de coco, óleo de rícino e silicones especiais. Resultado: Cabelos nutridos, sedosos e com muito brilho!",EF5ASHTNC,https://images.yampi.me/assets/stores/grupo-ecobelle/uploads/images/kit-industria-pra-favela-450-ml-66c69ecf1397b-large.png
Kit Indústria pra Favela 800 mL,800 mL,"34,99",Projeto Indústria pra Favela,Em estoque,"O Shampoo e Condicionador Indústria pra Favela foi desenvolvido com um blend de extratos vegetais para beneficiar cabelos de todos os tipos. Fórmula coringa rica em óleo de coco, óleo de rícino e silicones especiais. Resultado: Cabelos nutridos, sedosos e com muito brilho!",NFHWURMJ4,https://images.yampi.me/assets/stores/grupo-ecobelle/uploads/images/kit-industria-pra-favela-800-ml-66c69f3bc524e-large.png
Kit La Boue Blanc Eco Belle Argila Branca 500ml,500ml,380,Kits Ecobelle,Em estoque,"O Shampoo Quartzo La Boue Branc com Avelã Eco Belle é um produto de alto desempenho na limpeza capilar. Limpa sem agredir os fios, proporcionando uma reposição de vitaminas e sais minerais. O Extrato de Avelã tem ação emoliente, amaciante e suavizante, permitindo que os cabelos sejam nutridos já na lavagem. A Máscara para Tratamento de Alta Performance à base de Argila Branca com Aquiléia da Eco Belle possui fórmula especial para os cuidados dos cabelos. O extrato de Aquileia possui propriedade adstringente e reduz a secreção sebácea. Age como anti-inflamatório, cicatrizante e antisséptico.﻿Produto de última geração em Cosmético Profissional. O Selante Capilar La Boue Blanc Eco Belle contém ativos de alta tecnologia que selam os fios e devolvem as vitaminas perdidas em processos químicos e outras agressões diárias. Contém PCA Sódico e Arginina que agem protegendo a cor dos fios. Resultado: Cabelos nutridos e protegidos",QV886TX2F,https://images.yampi.me/assets/stores/grupo-ecobelle/uploads/images/kit-la-boue-blanc-eco-belle-argila-branca-500ml-6479f62ed6204-large.png
Kit La Boue Blanc Home Care 3 Itens,,120,Kits Ecobelle,Em estoque,"O Shampoo Reconstrutor La Boue Blanc Home Care foi desenvolvido para cuidar dos cabelos em casa com resultado de salão! Unindo os Extratos de Aloe Vera e Jaborandi, o Shampoo Home Care La Boue Blanc traz para os cabelos propriedades importantes que restauram e protegem a fibra capilar. O Extrato de Jaborandi auxilia no tratamento contra a queda capilar. O Condicionador Fortalecedor Home Care La Boue Blanc veio para complementar os cuidados com os cabelos promovendo efeito de salão! Com ativos de última geração, o Condicionador Fortalecedor nutre profundamente os cabelos e protege contra danos diários que afetam diretamente a fibra capilar. O Extrato de Mandioca fortalece e hidrata enquanto o Óleo de Girassol age controlando o frizz, nutrindo, prevenindo contra quebra e a queda dos cabelos.Com o Gloss Finalizador Home Care La Boue Blanc você deixa seus cabelos nutridos e macios. Sua fórmula contém silicones especiais que repõe as vitaminas e minerais perdidos em processos químicos. Elaborado para finalizar os cuidados em casa e deixar os cabelos com resultado do salão. Contém Óleo de Amêndoas que oferece hidratação aos fios, evitando que a água dos cabelos evapore com facilidade evitando ressecamento.",PML3C9J4M,https://images.yampi.me/assets/stores/grupo-ecobelle/uploads/images/kit-la-boue-blanc-home-care-3-itens-6479fa8b93395-large.png
Kit La Boue Verte EcoBelle 500ml,500ml,380,Kits Ecobelle,Em estoque,"O Shampoo Quartzo La Boue Verte com Aloe Vera Eco Belle é um produto de alto desempenho na limpeza capilar. Limpa sem agredir os fios, proporcionando uma reposição de vitaminas e sais minerais. Contém Aloe Vera que tem ação emoliente, cicatrizante, tonificante, entre outros benefícios. Os Polímeros multifuncionais proporcionam uma excelente lubricidade aos cabelos e um brilho superior. A Máscara para Tratamento de Alta Performance à base de Argila Verde com Gerânio da Eco Belle possui fórmula especial para os cuidados dos cabelos. Composta por silicones nobres e polímeros multifuncionais que repõem as vitaminas e os sais minerais perdidos pelos processos químicos e agressões diárias nos cabelos. Entre inúmeros benefícios, o Óleo de Gerânio é perfeito para cabelos secos e oleosos. Age nas glândulas sebáceas presentes em nosso couro cabeludo regulando a secreção de sebo nutrindo e tonificando o couro cabeludo.O Selante Capilar La Boue Verte Eco Belle é um produto de última geração em Cosmético Profissional. Contém ativos de alta tecnologia que selam os fios e devolvem as vitaminas perdidas em processos químicos e outras agressões diárias. Contém PCA Sódico e Arginina que agem protegendo a cor dos fios. Os Polímeros Multifuncionais promovem alto teor lipídico aos fios tornando-os luminosos. Ajudam a fixação dos ativos proteicos e minerais em toda a extensão da fibra capilar. Produto que atua como condicionante e restaurador dos fios.",9FNYY9DS2,https://images.yampi.me/assets/stores/grupo-ecobelle/uploads/images/kit-la-boue-verte-ecobelle-500ml-6479ff54d628c-large.png
Kit La Boue Verte Home Care 3 Itens,,120,Kits Ecobelle,Em estoque,"Formulado com Extrato de Chá Verde e Hortelã, o Shampoo Regenerador Home Care La Boue Verte cuida dos seus cabelos e promove resultado de salão! Limpa sem agredir os fios e com fragrância suave. Regenera e cuida de dentro para fora!O Condicionador Reestruturante Home Care La Boue Verte da Eco Belle age profundamente nos fios. Elaborado para continuar os cuidados dos cabelos em casa, o Condicionador Reestruturante possui em sua formulação o Extrato de Coco que devolve o brilho aos fios e a Proteína da Seda que hidrata e melhora a força elástica capilar, formando um filme nos cabelos, protegendo-os contra agentes externos agressivos.O Finalizador Home Care La Boue Verte da Eco Belle auxilia na regeneração dos fios danificados. Melhora a penteabilidade, repõe minerais e vitaminas e protege os cabelos. Com a Queratina que promove um tratamento mais profundo, os cabelos se recuperam de forma rápida.",9YJ4AHVMU,https://images.yampi.me/assets/stores/grupo-ecobelle/uploads/images/kit-la-boue-verte-home-care-3-itens-647a01b4e038b-large.png
Kit Lama Vulcânica La Boue EcoBelle,,500,Kits Ecobelle,Em estoque,"Shampoo Quartzo Liquide La Boue Eco Belle 500 mL Composto por microminerais, conjunto de elementos químicos inorgânicos necessários aos seres humanos, que desempenham diversas funções metabólicas no organismo, Oligoelementos: agentes normalizadores do sistema capilar reestruturadores da estrutura interna do fio e Quartzo Líquido: atuam como agentes microesfoliantes das cutículas danificadas e do couro cabeludo. Produto de alta performance na limpeza capilar, limpa sem agredir os fios promovendo uma microesfoliação, proporcionando uma deposição de microminerais. Bioenergizante e catalizador que restaura a vitalidade e a luminosidade da pele e dos cabelos. Desenvolvido com agentes surfactantes capazes de remover as sujidades dos cabelos e couro cabeludo por possuírem uma estrutura diferenciada. Além dos surfactantes o shampoo possui agentes condicionantes, que iniciam o processo de condicionamento da fibra durante a lavagem; aditivos funcionais, microminerais, oligoelementos, quartzo líquido e uma fragrância diferenciada, usada para atrair os consumidores e deixar nos cabelos um perfume agradável após a limpeza. Modo de uso: Com o cabelo molhado, aplicar na palma da mão uma pequena quantidade de produto, em seguida, distribuir uniformemente nos cabelos realizando uma massagem com as pontas dos dedos para cobrir toda a sua extensão, enxaguar. É importante não esfregar ou aplicar diretamente o shampoo no comprimento do cabelo, a estrutura do cabelo não precisa de uma limpeza tão profunda como a pele e couro cabeludo. Repetir a aplicação se necessário. Siga para o passo 2.Máscara La Boue Eco Belle Dossier Noir 1.2 kg A Máscara La Boue Eco Belle Dossier Noir a base de argila vulcânica traz em sua composição elementos minerais fundamentais para o tratamento e saúde perfeita dos fios. A adesão de aminoácidos à estrutura capilar em sinergia com a ação de silicones aminofuncionais age profundamente recuperando o aspecto saudável dos fios, cauteriza as escamas com brilho e maciez superior, junto com polímeros formadores de filme especiais de alta performance e filtro solar que deixam os cabelos fortes e protegidos. Possui também em sua composição agentes catiônicos necessários para equilibrar as cargas estáticas dos cabelos, capazes de condicionar os fios, promovendo alta hidratação e suavidade, agentes emolientes, que promovem o condicionamento da fibra durante a aplicação, aditivos funcionais e uma fragrância diferenciada, usada para deixar nos cabelos um perfume agradável após o tratamento. Modo de uso: Após o uso do Shampoo Quartzo Liquide, aplique a Máscara La Boue Dossier Noir mecha a mecha começando pela nuca, do couro cabeludo ao comprimento. Deixe agir por 30 minutos ou até que a Lama seque nos cabelos. É recomendável o auxílio de um secador. Enxágue. Siga com o passo 3 La Boue Mastic Noir.Selante Mastic Noir Eco Belle 500 mL Sua fórmula de alta tecnologia, sela os fios e proporciona aos cabelos um tratamento de alta performance, promovendo a proteção da cor dos fios. Sela a cutícula promovendo um alto brilho. Remove a porosidade causada por processos químicos que desestruturam a fibra capilar. Com a inovação tecnológica de ativo como o CMC capilar, que trata os fios intensamente deixando-os com aspecto de permeabilidade à água similar ao cabelo virgem. Com ativos de alta tecnologia, PCA sódico e Arginina: promove a proteção da cor dos fios. Ceramida: alta capacidade de hidratação e melhora a coesão das células na cutícula, recuperando as estruturas danificadas. Cisteína: importante aminoácido para saúde dos cabelos, rico em enxofre e essencial na formação da queratina. Polímeros multifuncionais: ajudam a fixação dos ativos proteicos e minerais em toda a extensão da fibra capilar. Possui também em sua composição agentes catiônicos necessários para equilibrar as cargas estáticas dos cabelos, capazes de condicionar os fios, promovendo alta hidratação e suavidade, agentes emolientes, que promovem o condicionamento da fibra durante a aplicação, aditivos funcionais e uma fragrância diferenciada, usada para atrair os consumidores e deixar nos cabelos um perfume agradável após o tratamento. Modo de uso: Após a aplicação e enxágue da La Boue Dossie Noir, seguir com o passo 3 Aplique o La Boue Mastic Noir, massageando os fios intensamente. Deixe agir por 10 minutos, enxágue abundantemente e seque com secador como de costume. Para um cuidado mais profundo, aplique regularmente.",PM32Q8G3S,https://images.yampi.me/assets/stores/grupo-ecobelle/uploads/images/kit-lama-vulcanica-la-boue-ecobelle-647a1eb05cb0c-large.png
Kit Lama Vulcânica La Boue EcoBelle 300g,300g,250,Kits Ecobelle,Em estoque,"Shampoo Quartzo Liquide La Boue Eco Belle 300 mL Composto por microminerais, conjunto de elementos químicos inorgânicos necessários aos seres humanos, que desempenham diversas funções metabólicas no organismo, Oligoelementos: agentes normalizadores do sistema capilar reestruturadores da estrutura interna do fio e Quartzo Líquido: atuam como agentes microesfoliantes das cutículas danificadas e do couro cabeludo. Produto de alta performance na limpeza capilar, limpa sem agredir os fios promovendo uma microesfoliação, proporcionando uma deposição de microminerais. Bioenergizante e catalizador que restaura a vitalidade e a luminosidade da pele e dos cabelos. Desenvolvido com agentes surfactantes capazes de remover as sujidades dos cabelos e couro cabeludo por possuírem uma estrutura diferenciada. Além dos surfactantes o shampoo possui agentes condicionantes, que iniciam o processo de condicionamento da fibra durante a lavagem; aditivos funcionais, microminerais, oligoelementos, quartzo líquido e uma fragrância diferenciada, usada para atrair os consumidores e deixar nos cabelos um perfume agradável após a limpeza. Modo de uso: Com o cabelo molhado, aplicar na palma da mão uma pequena quantidade de produto, em seguida, distribuir uniformemente nos cabelos realizando uma massagem com as pontas dos dedos para cobrir toda a sua extensão, enxaguar. É importante não esfregar ou aplicar diretamente o shampoo no comprimento do cabelo, a estrutura do cabelo não precisa de uma limpeza tão profunda como a pele e couro cabeludo. Repetir a aplicação se necessário. Siga para o passo 2.Máscara La Boue Eco Belle Dossier Noir 300 g a base de argila vulcânica traz em sua composição elementos minerais fundamentais para o tratamento e saúde perfeita dos fios. A adesão de aminoácidos à estrutura capilar em sinergia com a ação de silicones aminofuncionais age profundamente recuperando o aspecto saudável dos fios, cauteriza as escamas com brilho e maciez superior, junto com polímeros formadores de filme especiais de alta performance e filtro solar que deixam os cabelos fortes e protegidos. Possui também em sua composição agentes catiônicos necessários para equilibrar as cargas estáticas dos cabelos, capazes de condicionar os fios, promovendo alta hidratação e suavidade, agentes emolientes, que promovem o condicionamento da fibra durante a aplicação, aditivos funcionais e uma fragrância diferenciada, usada para deixar nos cabelos um perfume agradável após o tratamento. Modo de uso: Após o uso do Shampoo Quartzo Liquide, aplique a Máscara La Boue Dossier Noir mecha a mecha começando pela nuca, do couro cabeludo ao comprimento. Deixe agir por 30 minutos ou até que a Lama seque nos cabelos. É recomendável o auxílio de um secador. Enxágue. Siga com o passo 3 La Boue Mastic Noir.Selante Mastic Noir Eco Belle 300 mL Sua fórmula de alta tecnologia, sela os fios e proporciona aos cabelos um tratamento de alta performance, promovendo a proteção da cor dos fios. Sela a cutícula promovendo um alto brilho. Remove a porosidade causada por processos químicos que desestruturam a fibra capilar. Com a inovação tecnológica de ativo como o CMC capilar, que trata os fios intensamente deixando-os com aspecto de permeabilidade à água similar ao cabelo virgem. Com ativos de alta tecnologia, PCA sódico e Arginina: promove a proteção da cor dos fios. Ceramida: alta capacidade de hidratação e melhora a coesão das células na cutícula, recuperando as estruturas danificadas. Cisteína: importante aminoácido para saúde dos cabelos, rico em enxofre e essencial na formação da queratina. Polímeros multifuncionais: ajudam a fixação dos ativos proteicos e minerais em toda a extensão da fibra capilar. Possui também em sua composição agentes catiônicos necessários para equilibrar as cargas estáticas dos cabelos, capazes de condicionar os fios, promovendo alta hidratação e suavidade, agentes emolientes, que promovem o condicionamento da fibra durante a aplicação, aditivos funcionais e uma fragrância diferenciada, usada para atrair os consumidores e deixar nos cabelos um perfume agradável após o tratamento. Modo de uso: Após a aplicação e enxágue da La Boue Dossie Noir, seguir com o passo 3 Aplique o La Boue Mastic Noir, massageando os fios intensamente. Deixe agir por 10 minutos, enxágue abundantemente e seque com secador como de costume. Para um cuidado mais profundo, aplique regularmente. Produtos Relacionados",8KWYN6U92,https://images.yampi.me/assets/stores/grupo-ecobelle/uploads/images/kit-lama-vulcanica-la-boue-ecobelle-300g-647a1f77743a3-large.png
Kit Liso Mágico Bela Pro,,80,Kits Bela Pro,Em estoque,"A linha LISO MÁGICO BELA PRO, foi elaborada para cuidar dos cabelos lisos naturais ou quimicamente tratados. É uma linha completa, que busca tratar o cabelo de dentro para fora, deixando- o com vida, reduzindo volume e frizz ou melhor, promove uma restauração da fibra após procedimentos químicos, que muita das vezes acabam prejudicando os fios. Conta com ativos de alta performance, que melhoram a saúde dos fios, dando maciez, brilho e um efeito liso prolongado.",FCVXNP2J9,https://images.yampi.me/assets/stores/grupo-ecobelle/uploads/images/kit-liso-magico-bela-pro-66c69de3c1f72-large.png
Kit Manutenção Lama La Boue EcoBelle 300ml - 3 Itens,300ml,120,Kits Ecobelle,Em estoque,"Shampoo Remineralizante La Boue Eco Belle 300 ML protege os fios das agressões do dia a dia mantendo seus cabelos brilhantes, luminosos e saudáveis, graças aos minerais que o compõe. Desenvolvido com agentes surfactantes capazes de remover as sujidades dos cabelos e couro cabeludo por possuírem uma estrutura diferenciada. Além dos surfactantes o shampoo possui agentes condicionantes, que iniciam o processo de condicionamento da fibra durante a lavagem; aditivos funcionais e uma fragrância diferenciada, usada para deixar nos cabelos um perfume agradável após a limpeza. Modo de uso: Com o cabelo molhado, aplicar na palma da mão uma pequena quantidade de produto, em seguida, distribuir uniformemente nos cabelos realizando uma massagem com as pontas dos dedos para cobrir toda a sua extensão, enxaguar. É importante não esfregar ou aplicar diretamente o shampoo no comprimento do cabelo, a estrutura do cabelo não precisa de uma limpeza tão profunda como a pele e couro cabeludo. Repetir a aplicação se necessário.Recondicionador Remineralizante La Boue Eco Belle 300 ml foi desenvolvido com agentes catiônicos necessários para equilibrar as cargas estáticas dos cabelos deixadas pelo shampoo, capazes de condicionar os fios, promovendo alta hidratação e suavidade por possuírem uma estrutura diferenciada. Além dos catiônicos, o condicionador possui agentes emolientes, que promovem o condicionamento da fibra durante a aplicação; aditivos funcionais e uma fragrância diferenciada, usada para nos cabelos um perfume agradável após o tratamento. Modo de Uso: Aplicar na palma da mão uma pequena quantidade de produto, em seguida, distribuir uniformemente nos cabelos realizando uma massagem com as pontas dos dedos para cobrir o comprimento e as pontas, evitando o couro cabeludo, deixar agir por alguns minutos e enxaguar.Loção Noturna La Boue Eco Belle 300 ml protege os fios das agressões do dia a dia e da radiação solar, com a formação de uma camada protetora, mantendo seus cabelos brilhantes, luminosos, macios, hidratados e efeito de cabelos nutridos, que são intensificados por agirem a noite toda. Desenvolvida com agentes catiônicos necessários para equilibrar as cargas estáticas dos cabelos, capazes de condicionar os fios, promovendo alta hidratação e suavidade, por possuírem uma estrutura diferenciada. Além dos catiônicos, a Loção Noturna possui agentes emolientes, silicones nobres, que promovem o condicionamento da fibra durante a aplicação; aditivos funcionais, aminoácidos capazes de agir sobre os fios promovendo o fortalecimento da estrutura capilar e reparação, polímeros formadores de filmes de alta performance e uma fragrância diferenciada, usada para deixar nos cabelos um perfume agradável após o tratamento. Modo de Uso: Após o uso do recondicionador La Boue, retire o excesso de água e aplique uma pequena quantidade da loção noturna La Boue apenas nas pontas e comprimento. Massageie e deixe agir por alguns minutos. Finalize como preferir.",3L54PF3E4,https://images.yampi.me/assets/stores/grupo-ecobelle/uploads/images/kit-manutencao-lama-la-boue-ecobelle-300ml-3-itens-64f20fda924c9-large.png
Kit Luminilift Ação Clareadora EcoBelle Skin,,"168,8",Kits Ecobelle,Em estoque,"Kit Clareador Luminilift Renovação e Uniformização da PeleO Kit Clareador Luminilift combina dois passos essenciais para uma rotina completa de cuidado e uniformização da pele: esfoliação preparatória + tratamento clareador intensivo.Desenvolvido com ativos de alta performance, o kit auxilia na renovação da pele, melhora a aparência de manchas e promove luminosidade, deixando a pele com aspecto mais uniforme, revitalizado e saudável.O kit contém: - Creme Esfoliante UniformizadorPromove renovação celular através de microesferas renovadoras que auxiliam na remoção de células mortas e impurezas, preparando a pele para absorver melhor os ativos de tratamento. Sua fórmula conta com Alfa-Arbutin, ativo reconhecido por auxiliar na uniformização do tom da pele e melhora da aparência de manchas. Sérum Clareador Niacinamide 10%Fórmula com Niacinamida 10%, desenvolvida para auxiliar na uniformização da pele, controle da oleosidade e revitalização cutânea. Possui textura leve, rápida absorção e ação multifuncional para cuidados diários. Dermatologicamente testado Com estudos de eficácia Para todos os tipos de peleBenefícios e Claims* Ação clareadora* Renovação celular* Propriedades antioxidantes* Proteção contra luz azul* Auxilia no tratamento da acne vulgar* Adjuvante no cuidado da dermatite atópica e rosácea* Auxilia na uniformização do tom da pele* Controle da oleosidade e revitalização da peleModo de uso1. Aplique o Creme Esfoliante Uniformizador sobre a pele úmida, massageando suavemente em movimentos circulares. Enxágue completamente.2. Em seguida, aplique o Sérum Clareador sobre a pele limpa e seca até completa absorção.Para potencializar os resultados, utilize regularmente e associe ao uso diário de protetor solar.",5NNZ99JP9,https://images.yampi.me/assets/stores/grupo-ecobelle/uploads/images/kit-luminilift-acao-clareadora-ecobelle-skin-6a0e2cab0723a-large.png
Kit Matizador Silver EcoBelle 300ml - 3 Itens,300ml,130,Kits Ecobelle,Em estoque,"Grupo EcoBelle: A beleza natural, social e ambiental. Transbordando amor e empreendedorismo.",Z87QB9DAE,https://images.yampi.me/assets/stores/grupo-ecobelle/uploads/images/kit-manutencao-home-care-silver-ecobelle-300ml-3-itens-67412ba3969a3-large.png
Kit NutriSim Bela Pro,,133,Kits Bela Pro,Em estoque,"A linha NutriSim Bela Pro foi desenvolvida com os mais poderosos ativos naturais para nutrir e revitalizar os fios secos, fracos ou quebradiços. A Manteiga de Karité presente na formulação contém Vitamina E com ação antioxidante, que remove células mortas e funciona como um excelente emoliente para os fios. Sua propriedade umectante auxilia na absorção e retenção da umidade dos cabelos. Outro poderoso ativo natural presente na composição é o Óleo de Coco rico em ácidos graxos e proteínas que ajudam no fortalecimento dos fios e protege contra a perda de proteína da fibra capilar, além de ter um alto poder de combate à pontas secas. Essa combinação de elementos é o que resulta em fios nutridos, macios e com brilho intenso, digno de salão de beleza! O kit Contém:1 Shampoo NutriSim 500 mL1 Condicionador NutriSim 500 mL1 Creme de Pentear NutriSim 500 mL1 Máscara NutriSim 300 g1 Ampolaço NutriSim 45 mL",YYYS5P629,https://images.yampi.me/assets/stores/grupo-ecobelle/uploads/images/kit-nutrisim-bela-pro-6a6a5d128a78f-large.jpeg
Kit Pimenta Rosa Eco Belle,,120,Kits Ecobelle,Em estoque,"Linha que tem como ativo principal o óleo de Pimenta Rosa proporcionando vários benefícios para os cabelos. Rica em vitaminas A, B1, B6, C e ácido fólico, dão aos cabelos brilho e força à medida que a capsaicina, outro composto do maravilhoso óleo de pimenta rosa, auxilia no crescimento dos fios por estimular a circulação do sangue e irrigar o bulbo capilar. Com esse misto de benefícios o resultado é de cabelos sedosos, cheios e com muito brilho!",ZXQDEUV8V,https://images.yampi.me/assets/stores/grupo-ecobelle/uploads/images/kit-pimenta-rosa-eco-belle-64ef8bb1e85f1-large.png
Kit Preventivo Adeus Piolho 280 mL,280 mL,44,Kit Adeus Piolho,Em estoque,"O Kit Adeus Piolho tem em sua composição o Vinagre de Quassia e óleo de Andiroba, uma solução natural usada na prevenção de piolhos e lêndeas.Ele atua inibindo a formação de quitina no exoesqueleto dos piolhos, evitando seu crescimento, além de dissolver o ""cimento"" que prende as lêndeas ao cabelo. Sua ação é potencializada pela Quassia amara, atuando como inseticida de contato.Principais Ações e Benefícios:Inibição do Crescimento: O vinagre de Quassia interfere no ciclo de vida dos piolhos, impedindo o desenvolvimento.Facilita a Remoção: A acidez do vinagre ajuda a desprender as lêndeas (ovos) do fio de cabelo, tornando o uso do pente fino mais eficaz.Efeito Preventivo: Utilizado em shampoos e condicionadores, o composto cria um ambiente hostil para os piolhos, agindo como repelente.Cuidado Capilar: Além de combater parasitas, ajuda a amaciar, dar brilho e desembaraçar o cabelo.O Shanpoo e o Condicionador são de uso preventivo, muitas vezes combinado com outras matérias como óleo de Andiroba.É recomendado seu uso regular para prevenir a reinfestação.O Kit Adeus Piolho tem Vinagre de Quassia e é considerado uma alternativa segura e natural aos tratamentos químicos, adequado para prevenir o reaparecimento de piolhos.Usando regularmente o piolho nao se instala nos cabelos.",T4UGDSCWA,https://images.yampi.me/assets/stores/grupo-ecobelle/uploads/images/kit-preventivo-adeus-piolho-280-ml-6a6eb0ed58bfe-large.png
Kit Protetor de Descoloração Eco Plex 2 Passos 300 ml,300 ml,210,Blond Hair,Em estoque,"O KIT ECOPLEX protege a estrutura dos fios durante o processo de descoloração ou coloração, permitindo que o pó permaneça por mais tempo nos cabelos, promovendo melhores resultados sem danificar a fibra capilar. Elaborado com a exclusiva tecnologia Triplex System Technology que confere proteção à fibra, restauração, reposição de massa e selamento. Triplex System Technology é elaborada por aminoácidos, proteínas e extratos de alta performance, que confere o máximo em resultado de proteção, restauração, reposição de massa e selamento.",3VQF4SU8K,https://images.yampi.me/assets/stores/grupo-ecobelle/uploads/images/kit-protetor-de-descoloracao-eco-plex-2-passos-300-ml-6927aff0914bb-large.png
Kit Silver Platinum Bela Pro,,90,Kits Bela Pro,Em estoque,"A linha Silver Platinum Bela Pro foi especialmente desenvolvida para cabelos loiros, descoloridos, com mechas ou grisalhos. Sua fórmula possui o poderoso Jaracol Violet 43 que tem a exclusiva propriedade de ocultar as matizes amarelas nos cabelos desbotados. O extrato de Macadâmia auxilia no condicionamento e hidratação deixando os cabelos mais emolientes. Resultado: Cabelos mais iluminados e macios!",KRHCCVSJL,https://images.yampi.me/assets/stores/grupo-ecobelle/uploads/images/kit-silver-platinum-bela-pro-66c69cdc562cf-large.png
Loção Noturna Manutenção Lama La Boue EcoBelle 300 mL,300 mL,40,Finalizadores,Em estoque,"Loção Noturna La Boue Eco Belle 300 mL protege os fios das agressões do dia a dia e da radiação solar, com a formação de uma camada protetora, mantendo seus cabelos brilhantes, luminosos, macios, hidratados e efeito de cabelos nutridos, que são intensificados por agirem a noite toda. Desenvolvida com agentes catiônicos necessários para equilibrar as cargas estáticas dos cabelos, capazes de condicionar os fios, promovendo alta hidratação e suavidade, por possuírem uma estrutura diferenciada. Além dos catiônicos, a Loção Noturna possui agentes emolientes, silicones nobres, que promovem o condicionamento da fibra durante a aplicação; aditivos funcionais, aminoácidos capazes de agir sobre os fios promovendo o fortalecimento da estrutura capilar e reparação, polímeros formadores de filmes de alta performance e uma fragrância diferenciada, usada para deixar nos cabelos um perfume agradável após o tratamento. Modo de Uso: Após o uso do recondicionador La Boue, retire o excesso de água e aplique uma pequena quantidade da loção noturna La Boue apenas nas pontas e comprimento. Massageie e deixe agir por alguns minutos. Finalize como preferir.",ELVY4XSSY,https://images.yampi.me/assets/stores/grupo-ecobelle/uploads/images/locao-noturna-manutencao-lama-la-boue-ecobelle-300-ml-6927b31a76b00-large.png
Máscara Coco & Camomila by Vitória Lima EcoBelle 250g,250g,50,Máscaras ,Em estoque,"A linha Coco &amp; Camomila by Vitória Lima EcoBelle foi desenvolvida com esses dois maravilhosos ativos que proproporcionam juntos luminosidade e maciez aos cabelos. A camomila traz muitos benefícios aos fios além do brilho e luminosidade natural, acalma e refresca o couro cabeludo ao passo que faz uma limpeza delicada. Além disso as propriedades da camomila ajudam no processo de nutrição e hidratação, revitalizando os fios. Já o poderoso óleo de coco, presente nessa formulação, deixa os fios extremamente macios, penetra na fibra capilar, devolvendo os nutrientes que os cabelos precisam para fugir do aspecto ressecado.",CSH5ETU2N,https://images.yampi.me/assets/stores/grupo-ecobelle/uploads/images/mascara-coco-camomila-by-vitoria-lima-ecobelle-250g-667ac429c4e0b-large.png
Máscara Curlys Cachos Bela Pro 300 g,300 g,36,Bela Pro,Em estoque,"A Máscara Curlys Cachos da Bela Pro compõe o kit desenvolvido especialmente para quem quer cuidar dos cachos com resultado de salão! Possui em sua formulação o poderoso óleo de Rícino que proporciona nutrição instantânea, também rico em vitamina E ajuda no fortalecimento e crescimento das madeixas. Outro ativo que compõe a formulação é famoso óleo de coco que além de promover hidratação e nutrição aos fios, diminui a opacidade dando brilho e melhor definição aos cachos.",5F5NZ9HN9,https://images.yampi.me/assets/stores/grupo-ecobelle/uploads/images/mascara-curlys-cachos-bela-pro-300-g-653728639b65d-large.png
Máscara de Tratamento La Boue Blanc EcoBelle 500ml,500ml,200,Máscaras,Em estoque,"A Máscara para Tratamento de Alta Performance à base de Argila Branca com Aquiléia da Eco Belle possui fórmula especial para os cuidados dos cabelos. O extrato de Aquileia possui propriedade adstringente e reduz a secreção sebácea. Age como anti-inflamatório, cicatrizante e antisséptico.",DVQRLRWYY,https://images.yampi.me/assets/stores/grupo-ecobelle/uploads/images/mascara-de-tratamento-la-boue-blanc-ecobelle-500ml-6479f8ff1c5a8-large.png
Máscara de Tratamento La Boue Verte EcoBelle 500ml,500ml,200,Máscaras,Em estoque,"A Máscara para Tratamento de Alta Performance à base de Argila Verde com Gerânio da Eco Belle possui fórmula especial para os cuidados dos cabelos. Composta por silicones nobres e polímeros multifuncionais que repõem as vitaminas e os sais minerais perdidos pelos processos químicos e agressões diárias nos cabelos. Entre inúmeros benefícios, o Óleo de Gerânio é perfeito para cabelos secos e oleosos. Age nas glândulas sebáceas presentes em nosso couro cabeludo regulando a secreção de sebo nutrindo e tonificando o couro cabeludo.",9UV5KU3QQ,https://images.yampi.me/assets/stores/grupo-ecobelle/uploads/images/mascara-de-tratamento-la-boue-vert-ecobelle-500ml-647a0104c6827-large.png
Máscara doÈden Capim-Limão e Alecrim 250 g,250 g,50,Máscaras,Em estoque,"A Máscara Capim Limão e Alecrim Eco Belle foi desenvolvido tendo como ativo principal o óleo essencial de Capim Limão e Alecrim, juntos ajudam a controlar a oleosidade excessiva do couro cabeludo e fortalece os fios fracos e quebradiços sem ressecá-los. Enriquecido com silicones especiais trata as pontas secas dos cabelos, deixando os fios equilibrados da raiz às pontas.",X3DYUC6EA,https://images.yampi.me/assets/stores/grupo-ecobelle/uploads/images/mascara-doeden-capim-limao-alecrim-250-g-64ef961308e96-large.png
Máscara Efeito Teia EcoBelle 1 kg *NOVA EMBALAGEM*,1 kg,150,Máscaras,Em estoque,"Grupo EcoBelle: A beleza natural, social e ambiental. Transbordando amor e empreendedorismo.",NBABPJVUS,https://images.yampi.me/assets/stores/grupo-ecobelle/uploads/images/mascara-efeito-teia-ecobelle-1-kg-nova-embalagem-68d6c2165a988-large.png
Máscara HidraSim Bela Pro 300 g,300 g,36,Bela Pro,Em estoque,"A linha HidraSim da Bela Pro, foi desenvolvida para doar mais hidratação aos cabelos sensibilizados e devolver vida aos fios. Fórmula enriquecida com Pantenol, ativo fundamental para hidratação profunda dos fios por possuir o poder de atrair e reter a umidade dos cabelos, além de combater radicais livres. Silicones especiais também contemplam a formulação dando mais efeito aos cabelos danificados, resultando num cabelo macio, hidratado e com muito brilho!",TJFJENBKK,https://images.yampi.me/assets/stores/grupo-ecobelle/uploads/images/mascara-hidrasim-bela-pro-300-g-65373a7bc11d5-large.png
Máscara Ironed Hair 500g,500g,"94,99",Máscaras,Em estoque,"Com fórmula exclusiva, a Máscara Ironed Hair Eco Belle age nos cabelos de forma instantânea, reduzindo volume, frizz e nutrindo profundamente. A Vitamina E traz inúmeros benefícios para os cabelos! Estimula o crescimento dos cabelos, melhora a circulação sanguínea, ajuda a recuperar os fios danificados entre outros. Resultado: cabelos macios e nutridos!Modo de Uso: Aplique a Máscara Ironed Hair nos cabelos úmidos. Penteie com um pente até que perceba que todos os fios estejam com o produto. Deixe agir por 5 minutos e enxágue normalmente.Finalize como desejar.",3FLD4KJBC,https://images.yampi.me/assets/stores/grupo-ecobelle/uploads/images/mascara-ironed-hair-500g-674123a094cdc-large.png
Máscara La Boue Eco Belle Dossier Noir 300g,300g,150,Máscaras,Em estoque,"Máscara La Boue Eco Belle Dossier Noir 300 g a base de argila vulcânica traz em sua composição elementos minerais fundamentais para o tratamento e saúde perfeita dos fios. A adesão de aminoácidos à estrutura capilar em sinergia com a ação de silicones aminofuncionais age profundamente recuperando o aspecto saudável dos fios, cauteriza as escamas com brilho e maciez superior, junto com polímeros formadores de filme especiais de alta performance e filtro solar que deixam os cabelos fortes e protegidos. Possui também em sua composição agentes catiônicos necessários para equilibrar as cargas estáticas dos cabelos, capazes de condicionar os fios, promovendo alta hidratação e suavidade, agentes emolientes, que promovem o condicionamento da fibra durante a aplicação, aditivos funcionais e uma fragrância diferenciada, usada para deixar nos cabelos um perfume agradável após o tratamento.Modo de uso: Após o uso do Shampoo Quartzo Liquide, aplique a Máscara La Boue Dossier Noir mecha a mecha começando pela nuca, do couro cabeludo ao comprimento. Deixe agir por 30 minutos ou até que a Lama seque nos cabelos. É recomendável o auxílio de um secador. Enxágue. Siga com o passo 3 La Boue Mastic Noir.",BJP3XM8ES,https://images.yampi.me/assets/stores/grupo-ecobelle/uploads/images/mascara-la-boue-eco-belle-dossier-noir-300g-647a234b54a25-large.png
Máscara La Boue EcoBelle Dossier Noir 1.2 kg,1.2 kg,320,Máscaras,Em estoque,"Máscara La Boue Eco Belle Dossier Noir 1.2 kg a base de argila vulcânica traz em sua composição elementos minerais fundamentais para o tratamento e saúde perfeita dos fios. A adesão de aminoácidos à estrutura capilar em sinergia com a ação de silicones aminofuncionais age profundamente recuperando o aspecto saudável dos fios, cauteriza as escamas com brilho e maciez superior, junto com polímeros formadores de filme especiais de alta performance e filtro solar que deixam os cabelos fortes e protegidos. Possui também em sua composição agentes catiônicos necessários para equilibrar as cargas estáticas dos cabelos, capazes de condicionar os fios, promovendo alta hidratação e suavidade, agentes emolientes, que promovem o condicionamento da fibra durante a aplicação, aditivos funcionais e uma fragrância diferenciada, usada para deixar nos cabelos um perfume agradável após o tratamento.Modo de uso: Após o uso do Shampoo Quartzo Liquide, aplique a Máscara La Boue Dossier Noir mecha a mecha começando pela nuca, do couro cabeludo ao comprimento. Deixe agir por 30 minutos ou até que a Lama seque nos cabelos. É recomendável o auxílio de um secador. Enxágue. Siga com o passo 3 La Boue Mastic Noir.",7XR3P3BXK,https://images.yampi.me/assets/stores/grupo-ecobelle/uploads/images/mascara-la-boue-ecobelle-dossier-noir-12-kg-647a22b2c3926-large.png
Máscara Líquida Liquid Mask EcoBelle 200 mL,200 mL,90,Máscaras,Em estoque,"A Máscara Líquida EcoBelle é um tratamento prático, poderoso e imediato para os fios. Desenvolvida com poderosos ativos concentrados é de fácil absorção, deixando os cabelos disciplinados, macios e com brilho intenso. Enriquecido com óleo de pistache que é rico em proteínas, vitaminas e minerais, protege a integridade dos fios, age como um escudo protetor contra danos externos e diminui o risco de quebra. Confere Nutrição intensa e um resultado incrível aos cabelos!",YDMYK3MK4,https://images.yampi.me/assets/stores/grupo-ecobelle/uploads/images/mascara-liquida-liquid-mask-ecobelle-200-ml-66fd5cae45ed1-large.png
Máscara Liso Mágico Bela Pro 300 g,300 g,36,Bela Pro,Em estoque,"A linha LISO MÁGICO BELA PRO, foi elaborada para cuidar dos cabelos lisos naturais ou quimicamente tratados. É uma linha completa, que busca tratar o cabelo de dentro para fora, deixando- o com vida, reduzindo volume e frizz ou melhor, promove uma restauração da fibra após procedimentos químicos, que muita das vezes acabam prejudicando os fios. Conta com ativos de alta performance, que melhoram a saúde dos fios, dando maciez, brilho e um efeito liso prolongado.",P3SMM9FXM,https://images.yampi.me/assets/stores/grupo-ecobelle/uploads/images/mascara-liso-magico-bela-pro-300-g-65372f05f1a7c-large.png
Máscara Matizadora EcoBelle 1 kg,1 kg,140,Blond Hair,Em estoque,"NOVA EMBALAGEM E TAMANHOA Máscara Matizadora Eco Belle possui uma fórmula reparadora que hidrata e revitaliza os cabelos loiros, removendo o aspecto amarelado. Nutre e devolve o brilho dos cabelos loiros.",8MBYSWDEF,https://images.yampi.me/assets/stores/grupo-ecobelle/uploads/images/mascara-matizadora-ecobelle-1-kg-66ffeae1ef321-large.png
Máscara Matizadora Silver EcoBelle 300g,300g,50,Máscaras,Em estoque,"Grupo EcoBelle: A beleza natural, social e ambiental. Transbordando amor e empreendedorismo.",5TSEQNH4V,https://images.yampi.me/assets/stores/grupo-ecobelle/uploads/images/mascara-matizadora-silver-ecobelle-300g-647a24e908e55-large.png
Máscara NutriSim Bela Pro 300 g,300 g,36,Bela Pro,Em estoque,"A linha Nutrisim Bela Pro foi desenvolvida com os mais poderosos ativos naturais para nutrir e revitalizar os fios secos, fracos ou quebradiços. A Manteiga de Karité presente na formulação contém Vitamina E com ação antioxidante, que remove células mortas e funciona como um excelente emoliente para os fios. Sua propriedade umectante auxilia na absorção e retenção da umidade dos cabelos. Outro poderoso ativo natural presente na composição é o Óleo de Coco rico em ácidos graxos e proteínas que ajudam no fortalecimento dos fios e protege contra a perda de proteína da fibra capilar, além de ter um alto poder de combate à pontas secas. Essa combinação de elementos é o que resulta em fios nutridos, macios e com brilho intenso, digno de salão de beleza!",V4M66277J,https://images.yampi.me/assets/stores/grupo-ecobelle/uploads/images/mascara-nutrisim-bela-pro-300-g-653736f43e10a-large.png
Máscara Pimenta Rosa Eco Belle 250 g,250 g,50,Máscaras,Em estoque,"A Máscara Pimenta Rosa Eco Belle faz parte de uma linha completa tendo como ativo o óleo de Pimenta Rosa proporcionando vários benefícios para os cabelos. Rica em vitaminas A, B1, B6, C e ácido fólico, dão aos cabelos brilho e força à medida que a capsaicina, outro composto do maravilhoso óleo de pimenta rosa, auxilia no crescimento dos fios por estimular a circulação do sangue e irrigar o bulbo capilar. Com esse misto de benefícios o resultado é de cabelos sedosos, cheios e com muito brilho!",49DXSAXM5,https://images.yampi.me/assets/stores/grupo-ecobelle/uploads/images/mascara-pimenta-rosa-eco-belle-250-g-64ef8eaa287f7-large.png
Máscara Reestruturadora EcoBelle 2 kg,2 kg,150,Máscaras,Em estoque,"A Máscara Reestruturadora EcoBelle foi formulada com óleo de ojon, argan e macadâmia que reparam em profundidade e nutre a fibra desvitalizada com tripla ação para cabelos muito danificados. Repara e nutre profundamente as zonas mais sensibilizadas. Devolve o brilho e a maciez dos fios danificados proporcionando cabelos sedosos e hidratados.",WBZA7Q6LP,https://images.yampi.me/assets/stores/grupo-ecobelle/uploads/images/mascara-reestruturadora-ecobelle-2-kg-64f2132cc36ca-large.png
Máscara Silver Platinum Bela Pro 300 g,300 g,40,Bela Pro,Em estoque,"A linha Silver Platinum Bela Pro foi especialmente desenvolvida para cabelos loiros, descoloridos, com mechas ou grisalhos. Sua fórmula possui o poderoso Jaracol Violet 43 que tem a exclusiva propriedade de ocultar as matizes amarelas nos cabelos desbotados. O extrato de Macadâmia auxilia no condicionamento e hidratação deixando os cabelos mais emolientes. Resultado: Cabelos mais iluminados e macios!",ZHX85TBZS,https://images.yampi.me/assets/stores/grupo-ecobelle/uploads/images/mascara-silver-platinum-bela-pro-300-g-653733904fd23-large.png
Óleo de Argan EcoBelle 60 mL,60 mL,69,Finalizadores,Em estoque,"Repara as pontas, nutre os cabelos e combate o frizz. Ajuda a selar as cuticulas e amaciar os fios, deixando-os mais brilhantes e sedosos.",EJL97KLUE,https://images.yampi.me/assets/stores/grupo-ecobelle/uploads/images/oleo-de-argan-ecobelle-60-ml-6669cd45b4fdb-large.png
Óleo de Ojon EcoBelle 60 mL,60 mL,69,Finalizadores,Em estoque,"Desenvolvido especialmente para tratar os fios danificados, lubrificando e reparando os danos. O Ojon em seu estado natural possui vitamina E, Ômega 3,6,7 e 9 que ajudam a retardar o envelhecimento, nutrindo e reconstruindo a fibra capilar.",KSD694YBA,https://images.yampi.me/assets/stores/grupo-ecobelle/uploads/images/oleo-de-ojon-ecobelle-60-ml-650dc4147e0dd-large.png
Óleo de Ojon EcoBelle 7 mL,7 mL,"12,98",Finalizadores,Em estoque,"Desenvolvido especialmente para tratar os fios danificados, lubrificando e reparando os danos. O Ojon em seu estado natural possui vitamina E, Ômega 3,6,7 e 9 que ajudam a retardar o envelhecimento, nutrindo e reconstruindo a fibra capilar. Na versão 7 mL você pode umectar seus cabelos onde quer que esteja!",P7VJ56493,https://images.yampi.me/assets/stores/grupo-ecobelle/uploads/images/oleo-de-ojon-ecobelle-7-ml-6927aa0e8a72d-large.png
Oxidante Cremoso - OX 05 Vol - Shine Express,,47,Shine Express,Em estoque,"Emulsão reveladora OX 05 volumes desenvolvida para atuar em perfeita sinergia com a Shine Express Coloração, auxiliando na uniformidade da cor e na camuflagem dos fios brancos com resultado natural e brilho intenso.Sua formulação cremosa proporciona aplicação prática, melhor espalhabilidade e ação suave nos fios, ajudando a preservar a maciez e o aspecto saudável do cabelo.*Uso Profissional","2KX6UEZPA,W5C2TV75D",https://images.yampi.me/assets/stores/grupo-ecobelle/uploads/images/oxidante-cremoso-ox-05-vol-shine-express-900-ml-6a0e231aee541-large.png
Perfume Capilar EcoBelle 50 mL,50 mL,"84,99",Finalizadores,Em estoque,"Sensorial e Beleza dos FiosProporciona brilho imediatoAjuda a eliminar o frizzPromove toque sedoso e maciezRealça a luminosidade natural dos fiosPerfuma os cabelos ao longo do diaDeixa os fios com aparência saudável e leveProporciona sensação refrescante Tecnologia BifásicaFórmula bifásica de rápida absorção﻿Combinação perfeita entre fase hidratante e fase perfumante Modo de uso: Agite, borrife o perfume capilar EcoBelle à uma distância de 20 cm dos fios, nos cabelos úmidos ou secos, antes ou depois do processo de escovação. Ou também, se preferir, borrife o perfume capilar na escova e depois penteie os cabelos normalmente. Pode ser usado quantas vezes sentir necessidade.",NJTFJ9RNF,https://images.yampi.me/assets/stores/grupo-ecobelle/uploads/images/perfume-capilar-ecobelle-50-ml-6927b598619ae-large.png
Perfume Femme Doèden 52 ml,52 ml,120,Perfumes,Em estoque,"Perfumes Feminimos com mais de 30% de essência (Parfum), inspirados em:Nº 2 - Inspiração SabahNº 4 - Inspiração Good GirlNº 6 - Inspiração Yara LattafaNº 8 - Inspiração La Vie Est BelleNº 10 - Inspiração Scandal","274SF4RTH,GN5Q8SPMD,HYEXDB6P8,V88M4ES7F,NLYGX34L2",https://images.yampi.me/assets/stores/grupo-ecobelle/uploads/images/perfume-femme-doeden-52-ml-no-2-6a0e16be8fa4d-large.png
Perfume Homme DoÈden 52 ml,52 ml,210,Perfumes,Em estoque,"Perfumes Masculinos com mais de 30% de essência (Parfum), inspirados em:Nº 1 - Perfume ExclusivoNº 3 - Inspiração One MillionNº 5 - Inspiração SauvageNº 7 - Inspiração PhantonNº 9 - Inspiração AsadNº 11 - Inspiração Vip BlackNº 13 - Inspiração Armani Code","QCK7BF7V2,FLGSPN5SX,63FVNCGCY,QDJWRKCCN,EL5CVSPWX,NHTPV5WRS,2PKRCZKKZ",https://images.yampi.me/assets/stores/grupo-ecobelle/uploads/images/perfume-homme-doeden-52-ml-no-1-6a0e180ddd8d1-large.png
Pó Descolorante Capilar Blue EcoBelle 500g,500g,105,Blond Hair,Em estoque,"Grupo EcoBelle: A beleza natural, social e ambiental. Transbordando amor e empreendedorismo.",7HRBA34L7,https://images.yampi.me/assets/stores/grupo-ecobelle/uploads/images/po-descolorante-capilar-profissional-eco-belle-500g-646d07a1b283e-large.png
Pó Descolorante White 500 g,500 g,105,Blond Hair,Em estoque,"Grupo EcoBelle: A beleza natural, social e ambiental. Transbordando amor e empreendedorismo.",BPBFTQ6K6,https://images.yampi.me/assets/stores/grupo-ecobelle/uploads/images/po-descolorante-white-500-g-646d08105d7c4-large.png
Queratina em Gel Keracap EcoBelle 120 mL,120 mL,"41,99",S.O.S Cauterização,Em estoque,"Grupo EcoBelle: A beleza natural, social e ambiental. Transbordando amor e empreendedorismo.",HZMGEJ3T4,https://images.yampi.me/assets/stores/grupo-ecobelle/uploads/images/queratina-em-gel-keracap-ecobelle-120-ml-6927a82953c3f-large.png
Recondicionador Galão EcoBelle 5L,5L,120,Econômica,Em estoque,"Grupo EcoBelle: A beleza natural, social e ambiental. Transbordando amor e empreendedorismo.",63KEV2FBA,https://images.yampi.me/assets/stores/grupo-ecobelle/uploads/images/recondicionador-galao-ecobelle-5l-6927ac60325d3-large.png
Recondicionador Manutenção Lama La Boue EcoBelle 300 mL,300 mL,40,Condicionador,Em estoque,"Recondicionador Remineralizante La Boue Eco Belle 300 mL foi desenvolvido com agentes catiônicos necessários para equilibrar as cargas estáticas dos cabelos deixadas pelo shampoo, capazes de condicionar os fios, promovendo alta hidratação e suavidade por possuírem uma estrutura diferenciada. Além dos catiônicos, o condicionador possui agentes emolientes, que promovem o condicionamento da fibra durante a aplicação; aditivos funcionais e uma fragrância diferenciada, usada para nos cabelos um perfume agradável após o tratamento. Modo de Uso: Aplicar na palma da mão uma pequena quantidade de produto, em seguida, distribuir uniformemente nos cabelos realizando uma massagem com as pontas dos dedos para cobrir o comprimento e as pontas, evitando o couro cabeludo, deixar agir por alguns minutos e enxaguar.",8AJ7SPN32,https://images.yampi.me/assets/stores/grupo-ecobelle/uploads/images/recondicionador-manutencao-lama-la-boue-ecobelle-300-ml-6927b2d5f392f-large.png
Reparador de Pontas Coco & Camomila By Vitória Lima 60 mL,60 mL,69,Finalizadores,Em estoque,"O REPARADOR DE PONTAS da linha Coco &amp; Camomila, foi desenvolvido para dar a finalização perfeita nos cabelos. Ele possui um toque leve, o que é ideal para que não pese os fios e os deixem alinhados, com brilho e soltinhos.",JKHS7FKJ9,https://images.yampi.me/assets/stores/grupo-ecobelle/uploads/images/reparador-de-pontas-coco-camomila-by-vitoria-lima-60-ml-667c4fc05a4cb-large.png
Reparador de Pontas Eco Belle 60 mL,60 mL,69,Finalizadores,Em estoque,"Nutre, protege e proporciona maciez. Ideal para utilização pré-escova, sela as cutículas e prolonga o efeito liso. Pode ser usado como finalizador de penteado, realça o brilho e elimina o frizz.",7SBBKXLX2,https://images.yampi.me/assets/stores/grupo-ecobelle/uploads/images/reparador-de-pontas-eco-belle-60-ml-650dbfa22de3d-large.png
Selante Capilar La Boue Blanc Eco Belle 500ml,500ml,100,Finalizadores,Em estoque,Produto de última geração em Cosmético Profissional. O Selante Capilar La Boue Blanc Eco Belle contém ativos de alta tecnologia que selam os fios e devolvem as vitaminas perdidas em processos químicos e outras agressões diárias. Contém PCA Sódico e Arginina que agem protegendo a cor dos fios. Resultado: Cabelos nutridos e protegidos.,KXXWAV2AT,https://images.yampi.me/assets/stores/grupo-ecobelle/uploads/images/selante-capilar-la-boue-blanc-eco-belle-500ml-6479f7e7266a2-large.png
Selante Capilar La Boue Verte EcoBelle Verte 500ml,500ml,100,Finalizadores,Em estoque,O Selante Capilar La Boue Verte Eco Belle é um produto de última geração em Cosmético Profissional. Contém ativos de alta tecnologia que selam os fios e devolvem as vitaminas perdidas em processos químicos e outras agressões diárias. Contém PCA Sódico e Arginina que agem protegendo a cor dos fios. Os Polímeros Multifuncionais promovem alto teor lipídico aos fios tornando-os luminosos. Ajudam a fixação dos ativos proteicos e minerais em toda a extensão da fibra capilar. Produto que atua como condicionante e restaurador dos fios.,ZYUKCQGVL,https://images.yampi.me/assets/stores/grupo-ecobelle/uploads/images/selante-capilar-la-boue-verte-ecobelle-verte-500ml-647a0016e584e-large.png
Selante La Boue Mastic Noir Eco Belle 300ml,300ml,60,Finalizadores,Em estoque,"Selante Mastic Noir Eco Belle 300 mL Sua fórmula de alta tecnologia, sela os fios e proporciona aos cabelos um tratamento de alta performance, promovendo a proteção da cor dos fios. Sela a cutícula promovendo um alto brilho. Remove a porosidade causada por processos químicos que desestruturam a fibra capilar. Com a inovação tecnológica de ativo como o CMC capilar, que trata os fios intensamente deixando-os com aspecto de permeabilidade à água similar ao cabelo virgem. Com ativos de alta tecnologia, PCA sódico e Arginina: promove a proteção da cor dos fios. Ceramida: alta capacidade de hidratação e melhora a coesão das células na cutícula, recuperando as estruturas danificadas. Cisteína: importante aminoácido para saúde dos cabelos, rico em enxofre e essencial na formação da queratina. Polímeros multifuncionais: ajudam a fixação dos ativos proteicos e minerais em toda a extensão da fibra capilar. Possui também em sua composição agentes catiônicos necessários para equilibrar as cargas estáticas dos cabelos, capazes de condicionar os fios, promovendo alta hidratação e suavidade, agentes emolientes, que promovem o condicionamento da fibra durante a aplicação, aditivos funcionais e uma fragrância diferenciada, usada para atrair os consumidores e deixar nos cabelos um perfume agradável após o tratamento.Modo de uso: Após a aplicação e enxágue da La Boue Dossie Noir, seguir com o passo 3 Aplique o La Boue Mastic Noir, massageando os fios intensamente. Deixe agir por 10 minutos, enxágue abundantemente e seque com secador como de costume. Para um cuidado mais profundo, aplique regularmente. Produtos Relacionados",56RC8P9G4,https://images.yampi.me/assets/stores/grupo-ecobelle/uploads/images/selante-la-boue-mastic-noir-eco-belle-300ml-647a2699829b2-large.png
Selante La Boue Mastic Noir Eco Belle 500ml,500ml,100,Finalizadores,Em estoque,"Selante Mastic Noir Eco Belle 500 mL Sua fórmula de alta tecnologia, sela os fios e proporciona aos cabelos um tratamento de alta performance, promovendo a proteção da cor dos fios. Sela a cutícula promovendo um alto brilho. Remove a porosidade causada por processos químicos que desestruturam a fibra capilar. Com a inovação tecnológica de ativo como o CMC capilar, que trata os fios intensamente deixando-os com aspecto de permeabilidade à água similar ao cabelo virgem. Com ativos de alta tecnologia, PCA sódico e Arginina: promove a proteção da cor dos fios. Ceramida: alta capacidade de hidratação e melhora a coesão das células na cutícula, recuperando as estruturas danificadas. Cisteína: importante aminoácido para saúde dos cabelos, rico em enxofre e essencial na formação da queratina. Polímeros multifuncionais: ajudam a fixação dos ativos proteicos e minerais em toda a extensão da fibra capilar. Possui também em sua composição agentes catiônicos necessários para equilibrar as cargas estáticas dos cabelos, capazes de condicionar os fios, promovendo alta hidratação e suavidade, agentes emolientes, que promovem o condicionamento da fibra durante a aplicação, aditivos funcionais e uma fragrância diferenciada, usada para atrair os consumidores e deixar nos cabelos um perfume agradável após o tratamento.Modo de uso: Após a aplicação e enxágue da La Boue Dossie Noir, seguir com o passo 3 Aplique o La Boue Mastic Noir, massageando os fios intensamente. Deixe agir por 10 minutos, enxágue abundantemente e seque com secador como de costume. Para um cuidado mais profundo, aplique regularmente.",LWHSMBHAQ,https://images.yampi.me/assets/stores/grupo-ecobelle/uploads/images/selante-la-boue-mastic-noir-eco-belle-500ml-647a2745d0429-large.png
Sérum facial Luminilift Niacinamida EcoBelle Skin 30 ml,30 ml,129,EcoBelle Skin,Em estoque,"O Sérum Luminilift - Niacinamide 10% - da Ecobelle skin foi desenvolvido para auxiliar na rotina de cuidados da pele, ajudando a melhorar a aparência de manchas visíveis e promovendo um aspecto mais uniforme e iluminado. Auxilia na uniformização do tom da pele Ajuda a reduzir a aparência de marcas e manchas Controle de oleosidade Textura leve e confortável Indicado para todos os tipos de pele Dermatologicamente testado Com teste de eficácia.",QL837JGAJ,https://images.yampi.me/assets/stores/grupo-ecobelle/uploads/images/serum-facial-luminilift-niacinamida-ecobelle-skin-30-ml-6a0e0a2144630-large.png
Sérum HidraSim Bela Pro 60 mL,60 mL,"45,9",Bela Pro,Em estoque,"Sérum reparador HidraSim Bela Pro nutre e combate danos como o frizz e surgimento de pontas duplas. Proporciona alinhamento das cutículas e impede aspecto pesado nos fios. Seu cabelo fica leve e com balanço natural. Pode ser usado com cabelos úmidos ou secos, pré ou pós calor de secadores capilares.",ZKDQ2Y47Q,https://images.yampi.me/assets/stores/grupo-ecobelle/uploads/images/serum-hidrasim-bela-pro-60-ml-65373b13d9e71-large.png
Shampoo Coco & Camomila by Vitória Lima EcoBelle - 300 mL,300 mL,35,Shampoo ,Em estoque,"A linha Coco &amp; Camomila by Vitória Lima EcoBelle foi desenvolvida com esses dois maravilhosos ativos que proproporcionam juntos luminosidade e maciez aos cabelos. A camomila traz muitos benefícios aos fios além do brilho e luminosidade natural, acalma e refresca o couro cabeludo ao passo que faz uma limpeza delicada. Além disso as propriedades da camomila ajudam no processo de nutrição e hidratação, revitalizando os fios. Já o poderoso óleo de coco, presente nessa formulação, deixa os fios extremamente macios, penetra na fibra capilar, devolvendo os nutrientes que os cabelos precisam para fugir do aspecto ressecado.",Z3ND3HEVB,https://images.yampi.me/assets/stores/grupo-ecobelle/uploads/images/shampoo-coco-camomila-by-vitoria-lima-ecobelle-300-ml-667ac95c76b57-large.png
Shampoo Curlys Cachos Bela Pro 300 mL,300 mL,22,Bela Pro,Em estoque,"Fórmula desenvolvida especialmente para os cabelos cacheados que precisam de cuidados diários. Ele limpa sem agredir os fios. Com fragrância suave, permite que você cuide dos seus cachos em casa e obtenha resultado de salão!",W35UTMS43,https://images.yampi.me/assets/stores/grupo-ecobelle/uploads/images/shampoo-curlys-cachos-bela-pro-300-ml-653725d249142-large.png
Shampoo doÈden Capim-Limão e Alecrim 300 mL,300 mL,35,Shampoo,Em estoque,"O Shampoo Capim Limão e Alecrim Eco Belle foi desenvolvido tendo como ativo principal o óleo essencial de Capim Limão e Alecrim, juntos ajudam a controlar a oleosidade excessiva do couro cabeludo e fortalece os fios fracos e quebradiços sem ressecá-los. Enriquecido com silicones especiais trata as pontas secas dos cabelos, deixando os fios equilibrados da raiz às pontas.",THQ44H5B8,https://images.yampi.me/assets/stores/grupo-ecobelle/uploads/images/shampoo-doeden-capim-limao-alecrim-300-ml-64ef9399b1302-large.png
Shampoo e Condicionador Algas Marinhas 1L Eco Belle,1L,70,Algas Marinhas,Em estoque,"O Shampoo Remineralizante Algas Marinhas Eco Belle devolve aos fios as propriedades perdidas durante os processos químicos em geral. Penetra profundamente na estrutura dos fios, tornando os cabelos mais macios, hidratados e menos quebradiços. Shampoo com Ação Imediata.O Condicionador Hidratante Algas Marinhas Eco Belle foi formulado para promover a reposição de nutrientes importantes para a fibra capilar. Penetra profundamente nos fios, dando brilho e maciez, deixando os cabelos saudáveis, nutridos e fáceis de pentear. Possui ação imediata.",5CVZ5BS8H,https://images.yampi.me/assets/stores/grupo-ecobelle/uploads/images/shampoo-e-condicionador-algas-marinhas-1l-eco-belle-6927adec70ee0-large.png
Shampoo e Condicionador EcoBarber 800 mL,800 mL,70,Ecobarber,Em estoque,"O Shampoo Tonificante EcoBarber For Men foi elaborado para homens que gostam de se cuidar. Possui fórmula com ativos que limpam profundamente os cabelos e pode ser usado na barba. Com Extrato de Alecrim que tem ação dermopurificante, anticaspa, previne a queda e confere brilho aos cabelos.Com o Condicionador Restaurador EcoBarber For Men os cabelos recebem nutrição profunda. O Extrato de Jaborandi age como estimulante celular e melhora o brilho. Auxilia na queda capilar. O Extrato de Mandioca possui propriedades hidratantes e emolientes. Cuidados especiais para homens modernos!",LEFGGCD59,https://images.yampi.me/assets/stores/grupo-ecobelle/uploads/images/shampoo-e-condicionador-ecobarber-1l-646d0a3a0ae2a-large.png
Shampoo EcoBarber 800 mL,800 mL,35,Ecobarber,Em estoque,"O Shampoo Tonificante EcoBarber For Men foi elaborado para homens que gostam de se cuidar. Possui fórmula com ativos que limpam profundamente os cabelos e pode ser usado na barba. Com Extrato de Alecrim que tem ação dermopurificante, anticaspa, previne a queda e confere brilho aos cabelos.",Y8D5NM7GM,https://images.yampi.me/assets/stores/grupo-ecobelle/uploads/images/shampoo-ecobarber-1l-646d099c6ed39-large.png
Shampoo Galão Queratina EcoBelle 5L,5L,120,Econômica ,Em estoque,"Grupo EcoBelle: A beleza natural, social e ambiental. Transbordando amor e empreendedorismo.",75DJZXWT5,https://images.yampi.me/assets/stores/grupo-ecobelle/uploads/images/shampoo-galao-queratina-ecobelle-5l-6927aaf1afba8-large.png
Shampoo Galão Remineralizante EcoBelle 5L,5L,120,Econômica ,Em estoque,"Grupo EcoBelle: A beleza natural, social e ambiental. Transbordando amor e empreendedorismo.",LUQME5K72,https://images.yampi.me/assets/stores/grupo-ecobelle/uploads/images/shampoo-galao-remineralizante-ecobelle-5l-6927abbc1e206-large.png
Shampoo HidraSim Bela Pro 500 mL,500 mL,28,Bela Pro,Em estoque,"A linha HidraSim da Bela Pro, foi desenvolvida para doar mais hidratação aos cabelos sensibilizados e devolver vida aos fios. Fórmula enriquecida com Pantenol, ativo fundamental para hidratação profunda dos fios por possuir o poder de atrair e reter a umidade dos cabelos, além de combater radicais livres. Silicones especiais também contemplam a formulação dando mais efeito aos cabelos danificados, resultando num cabelo macio, hidratado e com muito brilho!",ASUE5CZGP,https://images.yampi.me/assets/stores/grupo-ecobelle/uploads/images/shampoo-hidrasim-bela-pro-500-ml-653739b5aba20-large.png
Shampoo La boue Home Care Blanc 300ml,300ml,40,Shampoo,Em estoque,"O Shampoo Reconstrutor La Boue Blanc Home Care foi desenvolvido para cuidar dos cabelos em casa com resultado de salão! Unindo os Extratos de Aloe Vera e Jaborandi, o Shampoo Home Care La Boue Blanc traz para os cabelos propriedades importantes que restauram e protegem a fibra capilar. O Extrato de Jaborandi auxilia no tratamento contra a queda capilar.",5CLM83ZE4,https://images.yampi.me/assets/stores/grupo-ecobelle/uploads/images/shampoo-la-boue-home-care-blanc-300ml-6479f9d45315f-large.png
Shampoo La Boue Home Care Verte 500ml,500ml,80,Shampoo,Em estoque,"O Shampoo Quartzo La Boue Verte com Aloe Vera Eco Belle é um produto de alto desempenho na limpeza capilar. Limpa sem agredir os fios, proporcionando uma reposição de vitaminas e sais minerais. Contém Aloe Vera que tem ação emoliente, cicatrizante, tonificante, entre outros benefícios. Os Polímeros multifuncionais proporcionam uma excelente lubricidade aos cabelos e um brilho superior.",PYL4GGXEC,https://images.yampi.me/assets/stores/grupo-ecobelle/uploads/images/shampoo-la-boue-home-care-verte-300ml-6479fdc9cc66d-large.png
"Shampoo Leite de Coco EcoBelle 2,5 L","2,5 L",110,Shampoo,Em estoque,Shampoo enriquecido com estrato de Leite de Coco.,ULQHGSVA7,https://images.yampi.me/assets/stores/grupo-ecobelle/uploads/images/shampoo-ecobelle-25-l-64f2156968b67-large.png
Shampoo Liso Mágico Bela Pro 300 mL,300 mL,22,Bela Pro,Em estoque,"A linha LISO MÁGICO BELA PRO, foi elaborada para cuidar dos cabelos lisos naturais ou quimicamente tratados. É uma linha completa, que busca tratar o cabelo de dentro para fora, deixando- o com vida, reduzindo volume e frizz ou melhor, promove uma restauração da fibra após procedimentos químicos, que muita das vezes acabam prejudicando os fios. Conta com ativos de alta performance, que melhoram a saúde dos fios, dando maciez, brilho e um efeito liso prolongado.",FMC93GCXT,https://images.yampi.me/assets/stores/grupo-ecobelle/uploads/images/shampoo-liso-magico-bela-pro-300-ml-65372e2c85786-large.png
Shampoo Manutenção Lama La Boue EcoBelle 300 mL,300 mL,40,Shampoo,Em estoque,"Shampoo Remineralizante La Boue Eco Belle 300 ML protege os fios das agressões do dia a dia mantendo seus cabelos brilhantes, luminosos e saudáveis, graças aos minerais que o compõe. Desenvolvido com agentes surfactantes capazes de remover as sujidades dos cabelos e couro cabeludo por possuírem uma estrutura diferenciada. Além dos surfactantes o shampoo possui agentes condicionantes, que iniciam o processo de condicionamento da fibra durante a lavagem; aditivos funcionais e uma fragrância diferenciada, usada para deixar nos cabelos um perfume agradável após a limpeza. Modo de uso: Com o cabelo molhado, aplicar na palma da mão uma pequena quantidade de produto, em seguida, distribuir uniformemente nos cabelos realizando uma massagem com as pontas dos dedos para cobrir toda a sua extensão, enxaguar. É importante não esfregar ou aplicar diretamente o shampoo no comprimento do cabelo, a estrutura do cabelo não precisa de uma limpeza tão profunda como a pele e couro cabeludo. Repetir a aplicação se necessário.",E35TQSMD8,https://images.yampi.me/assets/stores/grupo-ecobelle/uploads/images/shampoo-manutencao-lama-la-boue-ecobelle-300-ml-6927b291331e6-large.png
Shampoo Matizador Eco Belle 1 L - NOVA EMBALAGEM,1 L,120,Blond Hair,Em estoque,"O Shampoo Matizador Eco Belle 1L neutraliza a tonalidade dourada ou amarelada que vai se formando com o passar do tempo nos cabelos louros, tornando-os perfeitamente limpos enquanto preserva a fragilidade dos fios.Modo de uso: Lave os fios com o Shampoo Matizador Eco Belle a fim de retirar os resíduos acumulados no dia a dia. Enxágue e aplique novamente começando pelas pontas deslizando os fios entre os dedos até alcançar a raiz. Massageie suavemente o couro cabeludo até que se forme uma espuma rica e cremosa. Enxágue abundantemente e aplique o Condicionador Matizador Eco Belle.",EHE34PCDP,https://images.yampi.me/assets/stores/grupo-ecobelle/uploads/images/shampoo-matizador-eco-belle-1-l-nova-embalagem-6927aec0d725f-large.png
Shampoo Matizador Eco Belle 300ml,300ml,40,Shampoo,Em estoque,"Shampoo Matizador EcoBelle 300 ml Composto por corantes de alta performance capilar, o Shampoo Matizador EcoBelle neutraliza a tonalidade amarelada que surge com o passar do tempo e das agressões nos cabelos loiros, tornado-os perfeitamente matizados, platinados, radiantes, limpos e saudáveis sem ressecar os fios. Desenvolvido com agentes surfactantes capazes de remover as sujidades dos cabelos e couro cabeludo por possuírem uma estrutura diferenciada. Além dos surfactantes o shampoo possui agentes condicionantes, que iniciam o processo de condicionamento da fibra durante a lavagem, aditivos funcionais, corantes de alta performance e uma fragrância diferenciada, usada para deixar nos cabelos um perfume agradável após a limpeza. Modo de Uso: Com o cabelo molhado, aplicar na palma da mão uma pequena quantidade de produto, em seguida, distribuir uniformemente nos cabelos realizando uma massagem com as pontas dos dedos para cobrir toda a sua extensão, enxaguar. É importante não esfregar ou aplicar diretamente o shampoo no comprimento do cabelo, a estrutura do cabelo não precisa de uma limpeza tão profunda como a pele e couro cabeludo. Repetir a aplicação se necessário.",DGU9G5RVQ,https://images.yampi.me/assets/stores/grupo-ecobelle/uploads/images/shampoo-matizador-eco-belle-300ml-67412d0f82b5a-large.png
Shampoo NutriSim Bela Pro 500 mL,500 mL,28,Bela Pro,Em estoque,"A linha Nutrisim Bela Pro foi desenvolvida com os mais poderosos ativos naturais para nutrir e revitalizar os fios secos, fracos ou quebradiços. A Manteiga de Karité presente na formulação contém Vitamina E com ação antioxidante, que remove células mortas e funciona como um excelente emoliente para os fios. Sua propriedade umectante auxilia na absorção e retenção da umidade dos cabelos. Outro poderoso ativo natural presente na composição é o Óleo de Coco rico em ácidos graxos e proteínas que ajudam no fortalecimento dos fios e protege contra a perda de proteína da fibra capilar, além de ter um alto poder de combate à pontas secas. Essa combinação de elementos é o que resulta em fios nutridos, macios e com brilho intenso, digno de salão de beleza!",ZR936JBFC,https://images.yampi.me/assets/stores/grupo-ecobelle/uploads/images/shampoo-nutrisim-bela-pro-500-ml-653735fca65f4-large.png
Shampoo Pimenta Rosa Eco Belle 300 mL,300 mL,35,Shampoo,Em estoque,"O Shampoo Pimenta Rosa Eco Belle faz parte de uma linha completa tendo como ativo o óleo de Pimenta Rosa proporcionando vários benefícios para os cabelos. Rica em vitaminas A, B1, B6, C e ácido fólico, dão aos cabelos brilho e força à medida que a capsaicina, outro composto do maravilhoso óleo de pimenta rosa, auxilia no crescimento dos fios por estimular a circulação do sangue e irrigar o bulbo capilar. Com esse misto de benefícios o resultado é de cabelos sedosos, cheios e com muito brilho!",PMNPTTBYM,https://images.yampi.me/assets/stores/grupo-ecobelle/uploads/images/shampoo-pimenta-rosa-eco-belle-300-ml-64ef8d6bc5337-large.png
Shampoo Quartzo La Boue Branc com Avelã Eco Belle 500 ml,500 ml,80,Shampoo ,Em estoque,"O Shampoo Quartzo La Boue Branc com Avelã Eco Belle é um produto de alto desempenho na limpeza capilar. Limpa sem agredir os fios, proporcionando uma reposição de vitaminas e sais minerais. O Extrato de Avelã tem ação emoliente, amaciante e suavizante, permitindo que os cabelos sejam nutridos já na lavagem.",YCP5J38EF,https://images.yampi.me/assets/stores/grupo-ecobelle/uploads/images/shampoo-quartzo-la-boue-branc-com-avela-eco-belle-500-ml-6479f5304400a-large.png
Shampoo Quartzo Liquide La Boue EcoBelle 300ml,300ml,40,Shampoo,Em estoque,"Shampoo Quartzo Liquide La Boue Eco Belle 300 mL Composto por microminerais, conjunto de elementos químicos inorgânicos necessários aos seres humanos, que desempenham diversas funções metabólicas no organismo, Oligoelementos: agentes normalizadores do sistema capilar reestruturadores da estrutura interna do fio e Quartzo Líquido: atuam como agentes microesfoliantes das cutículas danificadas e do couro cabeludo. Produto de alta performance na limpeza capilar, limpa sem agredir os fios promovendo uma microesfoliação, proporcionando uma deposição de microminerais. Bioenergizante e catalizador que restaura a vitalidade e a luminosidade da pele e dos cabelos. Desenvolvido com agentes surfactantes capazes de remover as sujidades dos cabelos e couro cabeludo por possuírem uma estrutura diferenciada. Além dos surfactantes o shampoo possui agentes condicionantes, que iniciam o processo de condicionamento da fibra durante a lavagem; aditivos funcionais, microminerais, oligoelementos, quartzo líquido e uma fragrância diferenciada, usada para atrair os consumidores e deixar nos cabelos um perfume agradável após a limpeza.Modo de uso: Com o cabelo molhado, aplicar na palma da mão uma pequena quantidade de produto, em seguida, distribuir uniformemente nos cabelos realizando uma massagem com as pontas dos dedos para cobrir toda a sua extensão, enxaguar. É importante não esfregar ou aplicar diretamente o shampoo no comprimento do cabelo, a estrutura do cabelo não precisa de uma limpeza tão profunda como a pele e couro cabeludo. Repetir a aplicação se necessário. Siga para o passo 2.",6LFK8W4AH,https://images.yampi.me/assets/stores/grupo-ecobelle/uploads/images/shampoo-quartzo-liquide-la-boue-ecobelle-300ml-647a290bac5e1-large.png
Shampoo Quartzo Liquide La Boue EcoBelle 500ml,500ml,80,Shampoo,Em estoque,"Shampoo Quartzo Liquide La Boue Eco Belle 500 mL Composto por microminerais, conjunto de elementos químicos inorgânicos necessários aos seres humanos, que desempenham diversas funções metabólicas no organismo, Oligoelementos: agentes normalizadores do sistema capilar reestruturadores da estrutura interna do fio e Quartzo Líquido: atuam como agentes microesfoliantes das cutículas danificadas e do couro cabeludo. Produto de alta performance na limpeza capilar, limpa sem agredir os fios promovendo uma microesfoliação, proporcionando uma deposição de microminerais. Bioenergizante e catalizador que restaura a vitalidade e a luminosidade da pele e dos cabelos. Desenvolvido com agentes surfactantes capazes de remover as sujidades dos cabelos e couro cabeludo por possuírem uma estrutura diferenciada. Além dos surfactantes o shampoo possui agentes condicionantes, que iniciam o processo de condicionamento da fibra durante a lavagem; aditivos funcionais, microminerais, oligoelementos, quartzo líquido e uma fragrância diferenciada, usada para atrair os consumidores e deixar nos cabelos um perfume agradável após a limpeza.Modo de uso: Com o cabelo molhado, aplicar na palma da mão uma pequena quantidade de produto, em seguida, distribuir uniformemente nos cabelos realizando uma massagem com as pontas dos dedos para cobrir toda a sua extensão, enxaguar. É importante não esfregar ou aplicar diretamente o shampoo no comprimento do cabelo, a estrutura do cabelo não precisa de uma limpeza tão profunda como a pele e couro cabeludo. Repetir a aplicação se necessário. Siga para o passo 2.",ELGU4ASKD,https://images.yampi.me/assets/stores/grupo-ecobelle/uploads/images/shampoo-quartzo-liquide-la-boue-ecobelle-500ml-647a297794663-large.png
Shampoo Remineralizante Extrato de Algas Marinhas Eco Belle 1 L,1 L,"34,99",Algas Marinhas,Em estoque,"O Shampoo Remineralizante Algas Marinhas Eco Belle devolve aos fios as propriedades perdidas durante os processos químicos em geral. Penetra profundamente na estrutura dos fios, tornando os cabelos mais macios, hidratados e menos quebradiços. Shampoo com Ação Imediata.",YAY98Z8BS,https://images.yampi.me/assets/stores/grupo-ecobelle/uploads/images/shampoo-remineralizante-extrato-de-algas-marinhas-eco-belle-1-l-65faebd9b4e35-large.png
Shampoo Silver Platinum Bela Pro 300 mL,300 mL,27,Bela Pro,Em estoque,"A linha Silver Platinum Bela Pro foi especialmente desenvolvida para cabelos loiros, descoloridos, com mechas ou grisalhos. Sua fórmula possui o poderoso Jaracol Violet 43 que tem a exclusiva propriedade de ocultar as matizes amarelas nos cabelos desbotados. O extrato de Macadâmia auxilia no condicionamento e hidratação deixando os cabelos mais emolientes. Resultado: Cabelos mais iluminados e macios!",SZZTX7YWH,https://images.yampi.me/assets/stores/grupo-ecobelle/uploads/images/shampoo-silver-platinum-bela-pro-300-ml-65373248b1354-large.png